folioviv;clave;gasto_tri;frecuencia
0773233;A002;5396,77;5
0773233;E001;3187,76;3
0773233;B001;2124,28;3
0773233;A001;4332,12;1
0773233;C001;500,49;3
0773233;B002;436,4;4
0382982;A001;2719,8;2
0382982;B001;2529,67;2
0382982;B002;1754,94;5
0382982;C001;5248,52;1
0348747;E001;2660,03;6
0348747;B002;1607,34;2
0348747;B001;435,64;5
0348747;C001;10072,73;3
0348747;A001;9215,37;2
0348747;A002;2422,32;3
0224990;E001;3687,46;6
0224990;A001;1572,45;3
0224990;F001;764,07;1
0224990;C001;1436,62;6
0224990;D001;1811,29;1
0224990;B002;1506,8;1
0224990;A002;931,66;2
0448777;A001;3776,8;2
0448777;F001;641,54;4
0448777;D001;3525,02;2
0448777;B002;1633,87;1
0448777;A002;2016,08;4
0448777;C001;1742,39;6
0770039;F001;1115,04;6
0770039;A001;2727,93;6
0770039;C001;2846,25;4
0770039;E001;1384,12;3
0770039;A002;3120,71;6
0770039;B001;4592,8;5
0770039;B002;2228,64;3
0770039;D001;1024,9;6
0869136;A002;694,89;2
0869136;C001;1408,72;2
0869136;A001;6390,45;5
0869136;D001;1246,49;2
0869136;B001;6329,35;4
0869136;B002;1203,91;4
0869136;E001;12051,94;1
0869136;F001;3162,04;4
0502830;A002;12216,5;4
0502830;A001;1383,61;6
0502830;D001;3123,8;5
0502830;B002;4641,58;1
0502830;F001;3338,52;6
0321531;D001;1101,2;3
0321531;A002;1089,98;1
0321531;B001;4088,51;1
0321531;E001;3105,71;4
0377210;D001;4904,29;4
0377210;A001;457,34;1
0377210;C001;1392,38;5
0377210;F001;851,13;3
0377210;A002;945,7;5
0377210;B002;703,3;6
0377210;B001;2566,08;4
0377210;E001;518,1;4
0205991;B001;829,26;5
0205991;C001;4617,86;6
0205991;D001;830,17;4
0519385;E001;2760,63;5
0519385;F001;3294,72;4
0519385;C001;2487,4;2
0519385;B002;4246,06;6
0519385;D001;847,78;4
0519385;A001;1864,52;5
0519385;A002;915,6;2
0860303;F001;2898,3;2
0860303;A001;6036,88;1
0860303;B001;1696,5;2
0860303;E001;2077,94;2
0860303;B002;7373,11;1
0860303;C001;2452,17;5
0860303;D001;837,55;4
0936615;C001;742,52;3
0936615;A001;6326,44;5
0936615;F001;18367,14;2
0936615;A002;590,42;1
0936615;B002;8697,9;5
0936615;E001;961,06;6
0936615;D001;2894,81;6
0507703;E001;468,74;5
0507703;B001;1996,41;5
0507703;F001;1175,45;2
0507703;B002;2189,08;2
0507703;A001;2963,46;3
0507703;D001;5368,33;6
0913292;E001;7462,78;6
0913292;F001;1525,47;1
0913292;C001;5038,09;6
0913292;A001;4120,26;2
0913292;D001;3525,07;5
0913292;B001;649,81;1
0913292;B002;585,22;5
0913292;A002;1900,72;6
0372425;A001;673,71;4
0372425;B001;1101,45;4
0372425;C001;8587,81;4
0372425;E001;1155,85;3
0372425;A002;4540,17;1
0372425;B002;1191,46;3
0509159;A002;3576,3;5
0509159;E001;3065,45;5
0509159;A001;3763,05;3
0738504;E001;4162,97;1
0738504;C001;5663,51;5
0738504;A001;2077,91;4
0738504;B002;3403,13;3
0738504;D001;2054,73;3
0738504;B001;2732,92;6
0738504;A002;338,76;2
0738504;F001;13355,9;6
0660276;E001;2266,79;2
0660276;B002;1994,71;4
0660276;A002;3759,32;1
0660276;D001;7320,39;6
0660276;B001;3649,03;6
0660276;F001;291,2;5
0348547;B001;701,08;6
0348547;E001;1006,81;6
0348547;A001;1446,06;5
0348547;A002;3364,63;6
0348547;B002;964,83;4
0348547;F001;2589,21;3
0348547;C001;1217,11;5
0348547;D001;2417,8;1
0432071;D001;1441,3;2
0432071;B001;656,51;1
0432071;B002;3016,02;2
0432071;F001;16908,31;6
0432071;A002;1646,83;2
0432071;A001;4176,34;1
0432071;E001;989,01;5
0492938;F001;2979,37;5
0492938;C001;3113,07;5
0492938;A002;2477,15;2
0492938;B001;3174,75;1
0707051;E001;717,83;2
0707051;B001;1171,42;4
0707051;B002;1835,14;6
0707051;F001;3240,01;3
0707051;A002;302,73;1
0707051;D001;2356,5;1
0707051;A001;2026,79;6
0707051;C001;2879,83;2
0382409;A002;783,62;3
0382409;E001;679,88;4
0382409;A001;7150,16;3
0382409;B002;1140,28;3
0382409;D001;3288,33;6
0971082;A002;1822,48;5
0971082;E001;1061,05;6
0971082;C001;634,8;3
0971082;B002;963,56;3
0971082;B001;1833,06;4
0971082;A001;1435,63;5
0584549;B002;1841,47;6
0584549;D001;5810,79;4
0584549;C001;569,56;4
0584549;A002;1974,28;3
0626573;B002;589,99;6
0626573;A002;8693,41;5
0626573;B001;2488,06;3
0626573;C001;841,39;4
0626573;E001;10454,97;3
0640709;A001;1951,97;4
0640709;B002;997,59;3
0640709;C001;3397,59;6
0640709;A002;1277,81;3
0640709;E001;2056;2
0640709;D001;1466,69;2
0640709;B001;1418,26;5
0630040;B002;3419,78;4
0630040;D001;1320,05;6
0630040;C001;2293,83;4
0630040;B001;3372,96;4
0980013;F001;820,21;1
0980013;A001;654,47;1
0980013;C001;8798,05;6
0424092;E001;1337,12;1
0424092;A001;1057,06;4
0424092;A002;1315,51;4
0424092;C001;3275,23;2
0329880;C001;1524,74;5
0329880;A001;1686,87;6
0329880;D001;1196,77;5
0329880;B002;2724,95;5
0329880;E001;2308,6;3
0329880;F001;4799,13;2
0329880;B001;3393,22;5
0329880;A002;1073,24;3
0636898;A002;1122,88;3
0636898;F001;108,57;3
0636898;B001;4018,52;2
0636898;B002;5270,7;6
0424483;D001;4336,35;1
0424483;E001;5762,91;5
0424483;A002;3041,2;6
0271317;C001;3819,55;6
0271317;B001;2414,58;1
0271317;F001;1812,88;1
0271317;B002;14561,24;1
0271317;A002;1070,76;2
0824121;A001;918,25;4
0824121;D001;2562,87;3
0824121;C001;418,34;2
0824121;A002;2795,93;3
0824121;B002;1708,38;1
0824121;F001;3586,42;2
0824121;B001;1249,52;1
0824121;E001;592,45;5
0913003;F001;781,45;2
0913003;B001;7382,76;3
0913003;B002;2071,7;3
0913003;D001;2973,67;5
0913003;E001;2967,21;6
0913003;A001;1879,63;4
0913003;C001;1135;3
0913003;A002;476,15;6
0851711;F001;1757,43;5
0851711;B001;566,89;3
0851711;B002;2250,93;4
0851711;D001;2667,19;2
0851711;E001;2698,03;6
0851711;A001;583,54;4
0387885;E001;1368,82;6
0387885;B002;3945,6;1
0387885;D001;2657,08;2
0387885;A001;270,17;5
0387885;A002;1358,48;3
0387885;C001;390,54;4
0178429;C001;1038,27;1
0178429;E001;1350,61;3
0178429;D001;1034,81;5
0178429;F001;1379,44;1
0178429;A002;788,2;6
0178429;A001;805,72;2
0178429;B002;3182,58;1
0178429;B001;4425,68;4
0196096;F001;1621,34;6
0196096;B002;793,5;4
0196096;D001;1990,61;4
0196096;A001;7999,99;5
0298584;F001;4454,6;3
0298584;C001;1907,23;2
0298584;B001;868,95;3
0298584;D001;760,65;1
0298584;B002;4759,45;5
0298584;E001;1223,88;2
0298584;A001;818,77;5
0298584;A002;7153,04;4
0178229;A002;2669,35;2
0178229;C001;5185,06;5
0178229;A001;4157,17;3
0178229;D001;2272,46;6
0800279;B002;644,13;1
0800279;A002;1644,31;1
0800279;B001;444,07;3
0800279;D001;2409,51;2
0800279;A001;1133,11;2
0800279;C001;1128,37;1
0800279;F001;955,86;5
0800279;E001;4704,69;4
0283642;A001;5291,43;5
0283642;D001;3544,16;1
0283642;F001;475,06;3
0283642;E001;151,64;6
0736602;E001;9726,15;4
0736602;B001;1222,88;4
0736602;F001;1513,09;1
0297022;B001;697,64;6
0297022;C001;1154,69;5
0297022;F001;2467,2;5
0297022;E001;634,82;5
0297022;B002;3139,74;6
0297022;A002;4315,05;2
0219951;A002;2754,27;6
0219951;B002;10674,17;3
0219951;E001;3174,25;4
0449063;E001;2290,06;3
0449063;B001;3007,94;4
0449063;B002;722,91;3
0401591;B002;1165,65;3
0401591;C001;4002,14;4
0401591;D001;2715,13;4
0401591;E001;2073,93;4
0859047;F001;2049,02;3
0859047;D001;1777,78;6
0859047;E001;2402,83;5
0859047;B001;325,8;3
0859047;A001;551,88;1
0859047;A002;1314,29;1
0859047;B002;1854,9;6
0859047;C001;2769,53;3
0439246;C001;4079,71;4
0439246;B002;1430,2;4
0439246;A002;927,38;1
0439246;E001;1648,37;3
0439246;F001;6372,85;4
0439246;B001;22845,97;1
0702387;C001;7504,74;2
0702387;D001;999,34;3
0702387;A001;736,85;1
0702387;A002;6509,93;2
0702387;F001;646,68;4
0702387;B002;5296,58;4
0702387;B001;1719,37;1
0702387;E001;3363,73;4
0750786;B002;2254,83;6
0750786;F001;2165,18;4
0750786;B001;330,4;2
0750786;A002;8418,09;6
0750786;C001;4536,56;1
0750786;A001;815,17;6
0750786;E001;638,97;2
0815305;F001;560,47;2
0815305;B002;3438,05;1
0815305;B001;570,01;2
0815305;D001;1683,78;1
0773283;B002;837,39;5
0773283;A002;2886,94;2
0773283;C001;988,55;1
0773283;B001;441,48;2
0773283;D001;576,57;5
0361255;F001;2750,09;5
0361255;B002;5915,65;5
0361255;E001;2792,3;6
0361255;A001;2509,15;3
0361255;D001;1041,76;6
0361255;C001;1175,16;6
0361255;B001;771,09;3
0390784;E001;7634,48;1
0390784;C001;2039,86;5
0390784;D001;2064,22;3
0390784;A001;828,66;2
0390784;B001;1070,8;3
0390784;B002;1303,44;1
0638425;D001;697,42;1
0638425;A002;3020,65;6
0638425;E001;1457,01;5
0638425;B002;9475,95;1
0119688;D001;2547;4
0119688;B001;3777,05;2
0119688;F001;298,03;6
0119688;C001;2121,2;4
0443927;C001;5900,09;4
0443927;A002;7600,75;2
0443927;F001;4278,04;1
0443927;B002;810,81;4
0443927;E001;2805,95;4
0443927;B001;3804,9;4
0443927;A001;1625,3;2
0443927;D001;658,27;5
0128514;A002;1815,03;1
0128514;B002;5062,28;3
0128514;E001;1299,22;4
0128514;B001;7877,93;2
0256316;B002;2377,19;5
0256316;C001;2289,86;6
0256316;E001;1309,81;5
0256316;F001;4432,76;2
0256316;A002;1327,43;4
0681997;E001;1089,42;1
0681997;A001;1757,02;5
0681997;A002;2670,15;1
0681997;F001;3967,68;1
0152426;B002;386,67;3
0152426;F001;788,99;3
0152426;B001;1286,29;5
0152426;A002;676,46;2
0485835;F001;2855,73;2
0485835;A002;3603,94;6
0485835;C001;3964,67;4
0251356;A001;6054,71;3
0251356;E001;2739,13;2
0251356;F001;1053,08;1
0251356;D001;3333,56;2
0251356;B002;4329,61;5
0251356;A002;1368,1;6
0461718;B001;4414,62;5
0461718;A002;1672,9;2
0461718;B002;3634,19;1
0461718;D001;1891,81;2
0461718;F001;5130,85;5
0272690;F001;891,8;2
0272690;E001;3763,27;4
0272690;D001;4981,73;6
0272690;A001;1060,6;3
0109926;C001;2955,6;6
0109926;B002;3654,3;1
0109926;E001;734,13;2
0109926;B001;8307,59;1
0109926;A002;3748,47;3
0109926;D001;1807,88;1
0109926;A001;3523,82;6
0390618;B002;1642,08;3
0390618;A002;3925,52;4
0390618;A001;4488,49;5
0390618;E001;961,96;6
0390618;F001;2833,41;5
0390618;B001;2098,27;1
0390618;D001;1370,57;6
0915361;A002;1386,08;2
0915361;B002;1435,52;4
0915361;D001;1703,87;3
0915361;E001;2049,73;1
0915361;F001;5768,74;4
0915361;C001;1471,34;6
0915361;B001;1455,18;1
0915361;A001;1124,03;5
0628444;A001;26647,25;2
0628444;D001;1445,87;1
0628444;E001;1250,65;3
0628444;F001;861,17;6
0300905;B001;3085,77;4
0300905;E001;1670,19;1
0300905;A001;2518,9;4
0300905;D001;848,19;1
0300905;A002;1184,45;6
0323826;C001;622,79;1
0323826;E001;801,72;4
0323826;B001;1462,37;4
0323826;B002;1101,6;2
0323826;D001;1407,6;1
0323826;A001;1092,17;3
0593157;E001;3397,09;2
0593157;B002;401,93;5
0593157;B001;5748,16;3
0593157;A001;3680,7;4
0593157;D001;975,76;3
0593157;F001;929,23;6
0770338;E001;802,3;4
0770338;A002;2972,34;4
0770338;A001;711,01;1
0770338;D001;10552,88;5
0770338;B001;1258,44;4
0769201;D001;1758,96;5
0769201;C001;1041,56;1
0769201;A001;1645,91;6
0769201;B001;2892,67;5
0815034;A002;2376,18;6
0815034;F001;2044,52;3
0815034;C001;2595,42;6
0289595;F001;4167,3;4
0289595;D001;1813,39;2
0289595;E001;886,98;6
0289595;A002;2303,26;3
0289595;C001;1999,69;4
0820751;F001;765,07;4
0820751;A002;7169,34;3
0820751;A001;1045,59;1
0820751;E001;1805,15;6
0820751;D001;1256,56;4
0820751;B001;2008,76;6
0820751;C001;13032,03;4
0570316;D001;1135,93;1
0570316;E001;1781,73;4
0570316;A001;1769,01;2
0570316;B001;2852,37;6
0570316;A002;1417;4
0570316;F001;1381,23;1
0570316;B002;611,91;1
0570316;C001;4891,39;1
0481118;E001;4910,36;6
0481118;A002;3263,14;5
0481118;B002;3858,76;5
0481118;B001;4578,51;2
0205868;E001;2971,92;4
0205868;B001;4811,46;5
0205868;F001;196,85;5
0205868;B002;1196,87;3
0205868;A002;1405,39;5
0205868;D001;4346,93;2
0769859;B001;10995,81;3
0769859;F001;1834,9;3
0769859;C001;3038,06;1
0769859;B002;1422,76;2
0769859;E001;10663,8;6
0769859;A002;5126,57;3
0769859;A001;1124,28;3
0768822;C001;1519,78;3
0768822;A001;2100,85;1
0768822;B001;1425,25;6
0768822;E001;1495,29;2
0768822;F001;941,42;1
0950177;E001;1361,15;5
0950177;C001;520,75;3
0950177;B001;1208,17;6
0950177;B002;908,32;4
0950177;A002;3298,19;2
0950177;F001;2229,05;4
0950177;D001;1087,18;3
0266501;A001;6258,36;2
0266501;D001;4429,24;4
0266501;A002;1514,68;4
0520722;A001;2150,04;4
0520722;E001;1174,11;1
0520722;C001;3362,17;3
0873316;C001;4810,8;5
0873316;F001;330,8;6
0873316;E001;1505,09;4
0496697;C001;1313,12;6
0496697;A001;1433,1;4
0496697;B002;2090,98;5
0350412;A001;1932,96;2
0350412;E001;1574,99;2
0350412;C001;7925,92;6
0350412;A002;447,33;2
0350412;D001;2005,84;1
0350412;B002;4613,88;6
0350412;F001;959,39;3
0350412;B001;1203,31;6
0942995;F001;526,13;4
0942995;E001;2003,83;3
0942995;C001;3509,76;5
0942995;B001;2673,94;2
0942995;A002;1552,8;6
0942995;A001;294,91;3
0951969;A001;832,56;6
0951969;B002;3635,26;4
0951969;F001;979;1
0951969;C001;5426,08;2
0805124;A002;5085,57;5
0805124;B001;1641,61;4
0805124;E001;2967,6;5
0381868;B002;2263,22;6
0381868;F001;4815,92;2
0381868;C001;4772,93;4
0516936;F001;2890,14;2
0516936;B002;3861,29;5
0516936;B001;1182,97;3
0516936;A002;9883,67;1
0516936;E001;1088,95;1
0846230;E001;853,78;5
0846230;A002;3170,43;1
0846230;B002;2888,51;4
0846230;C001;793,11;5
0846230;F001;1881,3;5
0846230;B001;1858,44;5
0846230;A001;2452;3
0926162;E001;2832,04;6
0926162;C001;959,11;6
0926162;B002;3320,76;6
0673250;D001;2846,48;5
0673250;E001;1345,93;5
0673250;C001;9991,59;6
0801999;E001;3481,23;6
0801999;B002;2445,73;2
0801999;A002;3937,92;6
0801999;A001;1624,91;4
0801999;B001;608,04;4
0801999;C001;1013,3;4
0896750;B002;7447,92;5
0896750;F001;5281,12;5
0896750;D001;533,24;1
0896750;A002;842,68;3
0907857;B002;13789,84;1
0907857;C001;1921,18;3
0907857;B001;1508,03;3
0284253;C001;2696,92;2
0284253;F001;2334,71;6
0284253;D001;1430,4;2
0284253;E001;967,72;1
0284253;B002;307,75;2
0284253;B001;1141,61;4
0284253;A001;4835,13;4
0284253;A002;1731,44;3
0754749;B001;1335,97;3
0754749;C001;6175,47;3
0754749;F001;1798,39;6
0754749;E001;6100,1;5
0754749;A002;4178,09;5
0754749;A001;1250,4;4
0260037;F001;829,76;1
0260037;A002;2500,88;6
0260037;A001;446,88;2
0260037;B001;2137,05;4
0260037;D001;1213,48;6
0260037;C001;7896,39;3
0260037;E001;1100,7;2
0573043;B002;2268,47;1
0573043;A002;1520,17;2
0573043;E001;860,15;5
0573043;C001;4538,45;6
0573043;F001;597,36;4
0573043;A001;3191,1;5
0573043;B001;5804,81;2
0496208;C001;2136,93;3
0496208;D001;2680,24;5
0496208;F001;5861,55;4
0496208;A001;2001,31;4
0729688;A002;1871,51;6
0729688;D001;633,49;5
0729688;F001;1021,81;1
0729688;C001;832,95;3
0633481;C001;1768,59;1
0633481;E001;6349,71;5
0633481;A002;760,6;2
0633481;A001;593,3;5
0633481;F001;6976,03;5
0633481;B001;4938,48;4
0633481;B002;1541,72;4
0633481;D001;944,71;5
0847612;D001;3599,87;2
0847612;E001;1619,74;6
0847612;A002;2424,28;3
0847612;A001;2143,55;4
0847612;F001;4049,52;6
0847612;B002;5369,82;6
0847612;B001;7619,29;3
0847612;C001;11783,52;3
0748064;F001;2168,26;2
0748064;A002;6921,33;5
0748064;E001;1099,02;5
0748064;A001;2395,25;3
0748064;B001;1719,31;5
0748064;C001;3722,08;1
0748064;D001;4344,45;2
0748064;B002;2298,05;6
0380985;A002;1896,66;5
0380985;E001;632,21;2
0380985;A001;2288,67;5
0380985;B002;1498,57;1
0187769;B001;3002,26;2
0187769;B002;1060,28;2
0187769;C001;1714,36;4
0187769;A002;1273,74;5
0187769;F001;2344,85;1
0187769;E001;2602,96;1
0187769;A001;893,07;2
0187769;D001;5685,77;2
0202474;B002;1387,67;2
0202474;F001;1878,08;3
0202474;B001;4495,97;1
0202474;C001;3576,42;5
0202474;E001;2168,75;1
0202474;A002;2421,74;2
0328846;C001;3631,2;4
0328846;B001;1910,44;3
0328846;A002;1781,4;1
0328846;F001;2227,77;1
0328846;A001;2666,64;5
0328846;B002;3016,28;5
0328846;D001;1314,78;5
0272114;A001;4176,87;2
0272114;E001;3061,09;5
0272114;F001;1163,07;3
0272114;B002;3438,73;5
0272114;D001;1931,44;2
0354309;E001;2148,81;4
0354309;A001;613,91;1
0354309;F001;3571,12;3
0184168;B002;749,47;2
0184168;B001;734,02;1
0184168;E001;3158,49;3
0184168;A002;11614,96;2
0184168;A001;2052,15;1
0184168;D001;2617,09;2
0184168;F001;4986,25;3
0184168;C001;7980,22;1
0755000;A002;733,49;1
0755000;C001;631,47;5
0755000;D001;2337,02;2
0755000;E001;4213,38;2
0179917;E001;10181,06;4
0179917;F001;2472,84;5
0179917;D001;6408,86;3
0179917;A001;2198,05;5
0179917;B002;1660,25;4
0218365;E001;1330,46;1
0218365;F001;2264,51;3
0218365;A002;1332,94;4
0218365;B001;475,62;1
0218365;A001;3076,36;6
0690879;E001;4524,64;4
0690879;D001;2278,51;1
0690879;B001;2366,95;5
0442873;E001;974,06;6
0442873;B001;738,26;6
0442873;C001;5111,41;5
0442873;A002;2443,6;2
0442873;B002;433,53;1
0442873;F001;3137,99;6
0442873;A001;861,66;1
0442873;D001;1911,06;1
0847799;B001;1304,2;6
0847799;A001;3388,87;4
0847799;F001;696,07;4
0847799;B002;2326,02;6
0847799;E001;1253,68;4
0847799;C001;15363,76;1
0578245;F001;932,77;6
0578245;E001;3734,91;5
0578245;B001;1885,22;4
0578245;B002;12089,27;4
0578245;D001;816,35;4
0578245;C001;732,86;2
0578245;A001;2695,78;3
0578245;A002;1380,86;3
0687852;B002;1028,82;3
0687852;D001;14190,39;1
0687852;C001;2743,81;4
0687852;A002;1976,68;6
0687852;A001;464;2
0687852;B001;1683,21;1
0687852;E001;1506,49;3
0687852;F001;2970,22;4
0620014;D001;1767,96;4
0620014;B002;4026,63;1
0620014;E001;1114,53;5
0620014;A002;612,23;5
0620014;B001;1942,52;3
0620014;F001;2141,71;3
0620014;A001;5013,13;2
0620014;C001;763,14;2
0660722;A002;5201,52;2
0660722;E001;1915,44;1
0660722;F001;1116,17;4
0660722;D001;5534,02;3
0909967;A001;667,58;3
0909967;A002;947,74;2
0909967;B002;3143,18;3
0909967;D001;2897,96;2
0909967;B001;940,75;2
0909967;F001;3719,28;4
0909967;E001;904,77;4
0439850;F001;490,46;1
0439850;A002;4077,31;3
0439850;D001;1452,73;6
0439850;E001;4196,73;5
0439850;A001;1323,71;6
0173391;E001;797,99;1
0173391;A001;1468,13;2
0173391;F001;2212,87;4
0173391;D001;1645,09;4
0201342;F001;1213,52;4
0201342;A001;3273,84;2
0201342;B002;1592,38;6
0201342;E001;1564,56;4
0201342;A002;8485,61;6
0201342;B001;3052,31;3
0201342;D001;2965,06;3
0278491;F001;1720,47;3
0278491;D001;457,29;4
0278491;A001;1711,11;6
0278491;B002;1690,82;5
0278491;B001;960,39;2
0278491;C001;517,12;1
0918884;D001;8311,4;3
0918884;C001;1043,98;3
0918884;A001;1470,73;1
0491908;A002;1941,04;1
0491908;F001;2058,34;3
0491908;A001;2160,29;4
0491908;B001;6612,32;3
0511720;B001;1324,88;4
0511720;A002;8876,42;6
0511720;F001;2648,07;1
0511720;C001;728,54;5
0947783;B001;1869,5;6
0947783;C001;1323,64;3
0947783;A002;1545,62;5
0947783;F001;2896,27;5
0947783;A001;1044,16;4
0947783;D001;4191;3
0947783;B002;948,92;1
0455885;D001;13701,32;6
0455885;B002;6903,87;4
0455885;A002;415,54;2
0523208;F001;440,13;3
0523208;B002;1845,13;1
0523208;D001;2429,48;6
0523208;E001;4399,64;1
0523208;A002;1117,6;2
0143295;F001;4699,58;5
0143295;A001;1649,39;1
0143295;A002;5743,53;4
0143295;B002;8968,1;5
0143295;D001;1238,11;5
0447622;B002;1132,14;4
0447622;F001;1312,09;2
0447622;A001;1028,31;3
0447622;D001;3648,41;4
0149625;A002;1735,55;4
0149625;E001;4961,82;4
0149625;B002;527,62;1
0149625;C001;1143,26;5
0149625;B001;3333,04;2
0149625;A001;2937,95;6
0961508;D001;1010,79;1
0961508;F001;1962,07;5
0961508;E001;2231,41;6
0961508;A001;1066,81;1
0961508;B002;2275,95;2
0961508;A002;1251,21;6
0961508;C001;2238,65;6
0961508;B001;2377,53;6
0141767;B002;4536,93;2
0141767;D001;1415,2;4
0141767;B001;5194,83;3
0141767;A001;1691,03;5
0701088;C001;5444,77;2
0701088;E001;613,06;6
0701088;B002;350,75;6
0701088;B001;2500,63;3
0701088;D001;986,6;4
0701088;F001;803,5;3
0701088;A001;1836,75;4
0572529;E001;2818,93;4
0572529;F001;1244,98;1
0572529;A001;5726,11;3
0572529;B002;1515,6;3
0572529;C001;443,52;4
0572529;A002;1127,47;2
0161814;A002;8269,64;6
0161814;C001;485,27;4
0161814;E001;2482,72;1
0161814;A001;1560,08;3
0161814;B001;4783,33;5
0161814;F001;652,73;3
0161814;D001;1056,47;5
0161814;B002;1333,64;2
0587436;C001;4107,49;2
0587436;E001;919,26;6
0587436;A002;748;6
0431091;F001;641,15;1
0431091;B002;1687,58;1
0431091;A002;3467,9;4
0431091;B001;2704,27;6
0431091;D001;8505,69;6
0431091;E001;2162,32;1
0762127;D001;2750,56;3
0762127;F001;2333,41;4
0762127;E001;933,39;2
0762127;A002;1390,02;6
0762127;B002;760,37;3
0109628;F001;5929,95;2
0109628;C001;1135,15;3
0109628;B002;2440,64;6
0109628;A002;2885,27;1
0109628;A001;2985,94;4
0109628;B001;3562,74;5
0109628;D001;945,92;2
0109628;E001;9596,55;2
0473022;D001;1568,3;4
0473022;F001;3760,26;4
0473022;B002;11800,3;1
0473022;E001;3871,36;1
0473022;B001;1477,89;6
0473022;A001;1456,6;2
0473022;A002;843,7;2
0473022;C001;373,04;4
0843837;A001;1427,12;1
0843837;E001;2352,65;5
0843837;C001;1112,89;1
0843837;B002;2938,15;4
0843837;A002;6729,99;3
0843837;B001;2103,65;1
0890247;C001;7281,5;1
0890247;A001;7863,7;4
0890247;D001;985,18;1
0890247;F001;16004,89;3
0890247;A002;645,26;2
0890247;E001;1865,25;5
0703657;B001;4768,63;2
0703657;A001;682,16;3
0703657;E001;1107,4;6
0703657;B002;1457,83;4
0703657;F001;3216,43;4
0703657;D001;1675,83;4
0360131;E001;387,44;2
0360131;F001;1099,04;3
0360131;B001;6103,96;5
0360131;C001;4186,63;6
0360131;A002;9423,07;4
0360131;A001;750,7;6
0258653;D001;3116,38;6
0258653;C001;2514,25;4
0258653;B001;8661,9;6
0258653;A001;3523,9;2
0258653;E001;389,66;5
0190610;B002;1538,69;2
0190610;A001;1284,32;5
0190610;C001;726,21;1
0924476;F001;1090,8;3
0924476;B002;1448,68;2
0924476;E001;10633,18;1
0924476;B001;2640,12;1
0924476;A002;2880,81;1
0924476;A001;535,36;4
0924476;D001;1099,06;3
0924476;C001;3373,01;4
0626640;A001;2661,3;3
0626640;B002;1613,27;3
0626640;A002;668,46;6
0626640;D001;1066,49;6
0626640;F001;2637,59;3
0626640;E001;3601,32;2
0204549;F001;2750,46;5
0204549;B001;1618,33;3
0204549;C001;691,17;3
0204549;A001;3608,19;6
0777820;E001;2576,17;5
0777820;F001;1898,3;2
0777820;A001;2893,5;3
0777820;D001;566,98;3
0238120;A002;1550,22;4
0238120;F001;541,77;1
0238120;D001;5817,42;1
0238120;E001;5424,1;1
0238120;C001;1418,14;5
0371461;A002;4429,98;4
0371461;B001;1251,67;3
0371461;B002;1113,02;2
0371461;F001;1918,04;4
0371461;C001;2392,31;6
0371461;D001;2278,14;2
0335255;F001;1665,53;2
0335255;C001;2287,26;2
0335255;A002;1929,31;6
0335255;B002;4435,8;5
0341040;C001;789,15;3
0341040;B001;763,61;3
0341040;A001;1085,33;4
0341040;B002;6500,37;2
0341040;F001;10523,14;5
0341040;E001;1518,18;6
0341040;A002;1730,02;5
0341040;D001;707,84;3
0881072;C001;1751,25;4
0881072;E001;290,86;2
0881072;A002;3036,3;3
0881072;D001;3018,1;4
0881072;F001;1359,85;6
0881072;A001;958,1;4
0881072;B002;2964,62;4
0881072;B001;1035,66;2
0669279;B002;3223,56;2
0669279;A002;969,29;3
0669279;E001;2982,86;5
0669279;C001;1742,9;4
0669279;D001;703,28;5
0669279;F001;6705,28;1
0669279;A001;505,89;6
0669279;B001;864,36;2
0321301;A002;3469,21;3
0321301;B002;585,68;4
0321301;F001;1316,48;4
0321301;A001;1585,7;6
0321301;B001;18470,5;3
0189925;B001;7527,42;5
0189925;A002;1299,54;4
0189925;A001;504,4;6
0189925;D001;1056,3;6
0721168;A001;1153,58;2
0721168;B002;1364,1;2
0721168;C001;1006,25;4
0875687;C001;1107,32;2
0875687;F001;3817,65;5
0875687;D001;5363,99;6
0875687;A002;10290,01;2
0875687;B001;3336,18;4
0875687;A001;698,2;6
0172484;A001;241,12;6
0172484;B002;7325,77;6
0172484;B001;635,74;4
0172484;E001;3101,69;5
0172484;F001;2635,71;1
0172484;C001;587,13;6
0172484;A002;3098,89;1
0336383;E001;3870,99;5
0336383;F001;1476,3;4
0336383;D001;1374,08;6
0336383;C001;9316,34;6
0336383;B001;2150,5;2
0336383;B002;1304,99;5
0336383;A002;2410,59;5
0336383;A001;3219,05;5
0914710;B002;1429,62;4
0914710;A002;1028,01;1
0914710;F001;986,44;2
0914710;A001;1626,33;5
0366105;E001;1484,73;5
0366105;B001;2597,72;2
0366105;A001;3151,17;1
0366105;C001;1140,94;3
0274549;E001;1180,27;5
0274549;F001;1460,34;4
0274549;A001;2324,72;1
0274549;D001;783,53;6
0274549;B002;4382,11;2
0274549;B001;3505,08;3
0165393;F001;324,17;5
0165393;D001;1219,61;6
0165393;C001;4274,89;6
0165393;A002;1764,53;6
0394943;B001;8193,16;1
0394943;A002;2219,28;3
0394943;A001;1796,04;5
0394943;F001;1308,38;6
0682309;A001;885,36;2
0682309;B001;1433,68;4
0682309;E001;1320,03;6
0682309;A002;2276,49;6
0682309;F001;878,08;3
0141534;B001;4124,01;6
0141534;F001;851,25;1
0141534;C001;812,38;4
0141534;E001;2820,07;5
0141534;D001;818,58;6
0141534;A001;3802,84;4
0141534;B002;4912,83;6
0141534;A002;4216,93;1
0588763;B001;603,53;1
0588763;B002;3938,07;1
0588763;A001;1051,78;6
0255996;B002;5674,78;5
0255996;F001;722,02;3
0255996;A001;13436,35;6
0241858;A002;1812,8;4
0241858;F001;1042,91;6
0241858;B002;1582,49;4
0241858;E001;2131,36;1
0791729;B001;3243,56;1
0791729;D001;1920,6;3
0791729;A001;2882,61;4
0791729;E001;1151,57;3
0791729;F001;2541,62;3
0791729;C001;4282,94;5
0449847;B001;1687,14;6
0449847;E001;2611,23;2
0449847;D001;1481,23;1
0449847;A001;1376,25;5
0449847;C001;4476,1;6
0220222;C001;1864,19;4
0220222;B002;3057,23;3
0220222;E001;3423,98;6
0220222;D001;3916,33;5
0220222;A001;879,04;2
0220222;F001;1120,87;4
0220222;A002;2015,15;4
0599189;A001;1406,8;2
0599189;B001;2621,73;3
0599189;B002;1153,1;3
0788508;B002;126,55;6
0788508;A002;2028,04;2
0788508;E001;880,08;4
0788508;B001;1374,15;6
0788508;D001;3506,57;2
0788508;A001;997,18;3
0788508;F001;1303,98;4
0750662;C001;9171,68;3
0750662;A001;1925,2;1
0750662;B001;3796,14;2
0750662;B002;352,18;5
0963153;B001;2029,94;5
0963153;B002;3080,01;5
0963153;A001;1481,66;3
0963153;A002;659,48;3
0963153;D001;1647,52;4
0313179;F001;1461,06;2
0313179;A001;806,47;2
0313179;E001;1211,02;6
0313179;B001;752,51;5
0313179;B002;1467,35;1
0313179;C001;7233,66;1
0313179;A002;4931,24;4
0313179;D001;1488,67;2
0961894;E001;6391,5;4
0961894;C001;782,2;1
0961894;F001;422,96;4
0961894;D001;2783,44;3
0548023;A002;15351,21;2
0548023;B001;440,05;2
0548023;A001;234,35;1
0548023;D001;2901,73;4
0548023;C001;508,45;6
0548023;E001;560,78;2
0548023;F001;530,81;4
0528110;A001;5443,25;5
0528110;E001;3390,15;1
0528110;C001;5784,78;2
0528110;B002;2399,93;6
0528110;A002;1814,58;4
0528110;D001;1669,58;4
0528110;F001;8113,49;6
0528110;B001;831,13;4
0301204;C001;2836,62;3
0301204;F001;336,26;3
0301204;A002;6433,46;5
0301204;B002;933,6;3
0301204;E001;886,97;1
0301204;D001;9201,17;4
0301204;A001;2261,07;4
0543591;B001;919,56;2
0543591;D001;1859,17;1
0543591;A002;1248,4;2
0543591;E001;926,54;5
0554891;B002;6408,64;2
0554891;B001;5730,51;6
0554891;A002;6316,19;3
0554891;C001;1126,72;2
0554891;E001;1854,23;6
0554891;F001;828,09;4
0949482;B001;3527,88;6
0949482;C001;2056,42;3
0949482;A002;902,79;3
0949482;D001;684,93;6
0949482;F001;2399,58;3
0949482;B002;5233,73;4
0949482;E001;785,99;5
0949482;A001;2563,64;1
0574515;B001;7955,71;3
0574515;A002;915,27;4
0574515;C001;10513,87;6
0574515;A001;482,61;4
0574515;E001;5102,77;1
0574515;B002;5879,92;5
0574515;F001;4554,13;5
0574515;D001;796,74;3
0727613;F001;2174,51;2
0727613;E001;2724,46;2
0727613;C001;2915,37;2
0177082;A002;1118,72;1
0177082;B001;1347,72;4
0177082;C001;1378,44;4
0177082;F001;1353,44;6
0177082;A001;835,99;4
0177082;E001;673,33;2
0177082;D001;1268,31;5
0177082;B002;2308,35;4
0569552;B001;2504,41;5
0569552;F001;2093,55;3
0569552;E001;686,78;3
0619564;D001;1556,61;5
0619564;B001;842,62;4
0619564;A002;1213,91;1
0619564;B002;4896,04;5
0467677;A002;3828,33;6
0467677;C001;1880,58;2
0467677;A001;3631,07;5
0467677;B001;1989,92;4
0467677;E001;2759,45;5
0467677;B002;2937,56;3
0467677;D001;1102,4;6
0797285;D001;1120,39;2
0797285;E001;17769,93;6
0797285;B001;180,46;5
0797285;B002;2402,99;4
0797285;A002;1845,89;5
0692026;F001;1030,79;1
0692026;B002;1047,5;2
0692026;E001;6669,05;3
0692026;C001;9554,8;6
0692026;A001;3969,31;6
0692026;B001;4058,44;3
0692026;A002;2057,62;2
0692026;D001;3498,28;2
0861702;E001;1643,36;1
0861702;B001;4892,48;2
0861702;B002;3065,04;5
0861702;A001;998,91;4
0861702;D001;510,71;2
0861702;A002;4402,56;5
0861702;F001;5213,78;1
0436531;B001;1466,44;5
0436531;C001;1157,34;2
0436531;E001;7202,41;4
0436531;B002;717,09;6
0436531;D001;766,37;1
0436531;F001;1567;2
0436531;A002;462;6
0419028;C001;12057,67;5
0419028;B001;1401,08;3
0419028;E001;4322,5;3
0419028;D001;1820,98;3
0419028;B002;3423,83;4
0419028;A001;1400,49;2
0419028;F001;1406,83;3
0419028;A002;690,44;4
0162509;E001;8177,49;6
0162509;C001;1494,63;4
0162509;A002;1499,94;2
0162509;B002;1054,72;5
0162509;B001;1909,01;2
0162509;F001;2147,46;3
0394775;E001;1410,98;2
0394775;C001;503,94;5
0394775;A001;1921,59;2
0394775;D001;1040,84;2
0295491;C001;3426,84;4
0295491;D001;4586,84;3
0295491;A002;3269,79;1
0295491;A001;1724,25;6
0343922;B002;11115,53;4
0343922;A002;5074,34;3
0343922;C001;2342,94;5
0343922;F001;2013,36;3
0953953;D001;1403,01;2
0953953;C001;1586,87;4
0953953;B002;8382,03;6
0953953;E001;1651,65;5
0953953;F001;2835,36;4
0836432;B002;1560,63;4
0836432;B001;267,14;1
0836432;C001;2038,41;5
0836432;F001;1820,78;6
0836432;A001;1436,75;6
0492394;D001;1203,99;2
0492394;A002;1880,33;4
0492394;C001;7788,89;3
0492394;E001;5597,57;4
0492394;F001;861,36;1
0492394;A001;1802,71;5
0861732;F001;953,63;1
0861732;B001;467,1;1
0861732;B002;1919,12;1
0861732;D001;2942,47;2
0861732;E001;6609,76;1
0861732;A002;3373,98;4
0861732;A001;3876,07;3
0468451;A001;2977,11;2
0468451;B002;7851,2;5
0468451;B001;2172,24;1
0468451;F001;450,16;4
0468451;E001;5393,48;3
0468451;C001;383,94;5
0468451;A002;3471,83;6
0468451;D001;1153,03;6
0985271;B001;1526,72;1
0985271;E001;2461,68;2
0985271;C001;1114,51;4
0985271;A001;1560,45;1
0985271;B002;1255,42;2
0985271;D001;584,27;3
0985271;A002;537,94;3
0640670;F001;1362,64;2
0640670;B002;687,63;5
0640670;A001;1858,32;2
0640670;A002;1810,7;6
0640670;D001;452,3;1
0640670;C001;2911,69;5
0640670;E001;446,94;1
0640670;B001;14480,91;6
0109886;E001;3026,29;2
0109886;D001;1314,99;4
0109886;F001;5924,43;6
0109886;B002;1525,65;6
0109886;A002;1524,66;1
0109886;C001;2795,8;2
0109886;A001;2147,94;4
0109886;B001;6428,95;1
0556973;F001;793,57;6
0556973;A001;7043,88;2
0556973;C001;4055,06;5
0556973;E001;3044,68;5
0556973;A002;345,66;4
0556973;B002;562,23;6
0556973;D001;6486,79;4
0556973;B001;1504,98;4
0741853;E001;1543,33;5
0741853;A002;5191,58;4
0741853;D001;2597,67;4
0741853;F001;399,69;1
0741853;A001;4006,5;4
0573050;F001;406,04;4
0573050;B001;381,68;3
0573050;D001;1592,48;4
0573050;A002;1758,81;3
0573050;E001;1147,72;6
0573050;C001;491,66;4
0573050;A001;1662,01;3
0703999;A001;428,28;2
0703999;B001;2153,46;3
0703999;E001;1301,85;5
0703999;F001;1209,85;6
0703999;A002;1026,06;2
0703999;D001;1524,63;3
0703999;C001;1216,65;1
0703999;B002;2213,47;6
0694322;B001;1187,88;3
0694322;B002;3333,71;3
0694322;D001;2812,18;2
0105274;D001;13992,53;5
0105274;C001;485,14;4
0105274;B001;3834,87;3
0333812;A002;4297,99;3
0333812;F001;948,29;2
0333812;E001;2608,44;4
0333812;B001;4437,17;5
0333812;D001;2645,05;6
0333812;C001;2272,71;3
0333812;A001;6057,04;5
0333812;B002;766,61;3
0118701;A002;1881,02;6
0118701;A001;1854,76;6
0118701;B001;3361,65;6
0118701;F001;1246,26;3
0118701;E001;1042,21;2
0118701;B002;2016,37;6
0118701;D001;983,22;5
0453909;D001;809,89;6
0453909;B002;3922,64;4
0453909;E001;4507,8;6
0453909;A002;752,2;3
0453909;A001;899,49;6
0609032;A002;2083,96;3
0609032;A001;5661,76;5
0609032;E001;2168,11;4
0609032;D001;678,72;2
0609032;F001;315,83;3
0172777;B001;1164,8;3
0172777;C001;915,04;6
0172777;A002;2008,35;5
0697191;B001;3772,63;5
0697191;C001;613,16;5
0697191;E001;958,09;3
0840037;C001;2088,69;3
0840037;D001;1900,73;4
0840037;B002;4365,6;3
0840037;F001;2664,25;1
0256030;A002;1451,41;6
0256030;F001;502,45;2
0256030;E001;3648,65;6
0256030;A001;367,91;1
0256030;C001;1656,58;3
0256030;B001;1491,15;2
0256030;D001;3279,62;1
0256030;B002;5867,8;6
0194242;F001;468,5;6
0194242;B002;1830,56;2
0194242;B001;9507,55;2
0194242;C001;2248,13;5
0194242;A002;1745,1;6
0194242;E001;2380,04;1
0812102;A002;10518,66;4
0812102;D001;7925,79;5
0812102;F001;513,49;3
0786632;E001;1306,56;2
0786632;B001;636,98;1
0786632;A002;3399,22;4
0786632;D001;2782,26;4
0786632;C001;2212,8;4
0786632;F001;9359;5
0786632;A001;894,36;6
0786632;B002;963,71;2
0355661;D001;1943,4;4
0355661;F001;5462,66;4
0355661;C001;4627,86;5
0355661;B001;5690,45;3
0355661;E001;2516,05;2
0355661;A001;1599,77;3
0355661;A002;536,85;6
0355661;B002;11422;3
0316762;F001;1880,24;2
0316762;B001;1869,52;5
0316762;A001;4988,34;1
0316762;D001;4230,09;1
0316762;B002;2144,36;2
0419928;B001;1432,25;5
0419928;C001;1599,92;3
0419928;A002;15737,56;3
0419928;F001;966,91;6
0419928;A001;8337,75;4
0419928;B002;765,59;3
0419928;D001;1428,02;6
0419928;E001;962,02;1
0310303;F001;2822,87;1
0310303;A001;1128,04;3
0310303;E001;1336,63;6
0310303;A002;1129,08;1
0310303;B001;3077,16;2
0310303;D001;1162,7;2
0310303;C001;3045,4;5
0310303;B002;1301,36;5
0822779;A001;1796,18;1
0822779;A002;6176,68;2
0822779;B001;4591,1;4
0822779;B002;1349,53;3
0822779;C001;1041,36;4
0822779;E001;4010,29;4
0822779;F001;482,47;5
0477110;C001;6046,88;2
0477110;E001;2215,1;3
0477110;B001;3867,7;5
0477110;D001;1669,14;4
0477110;A002;827,09;6
0477110;F001;1490,12;5
0269747;B001;529,39;6
0269747;E001;3971,31;2
0269747;B002;4946,03;6
0269747;D001;1074,83;2
0348069;B001;1506,26;6
0348069;E001;5170,05;5
0348069;C001;5127,5;3
0348069;F001;6474,97;2
0348069;D001;3180,62;6
0348069;A001;732,75;5
0301770;A001;1072,24;2
0301770;F001;4616,81;4
0301770;E001;3251,41;3
0301770;D001;2313,31;5
0301770;B002;5218,48;1
0301770;B001;484,61;3
0301770;A002;2917,78;3
0385604;D001;2318,73;5
0385604;B002;3075,19;2
0385604;F001;965,1;1
0662182;A001;2369,94;2
0662182;B001;5306,68;3
0662182;C001;1490,74;1
0662182;E001;1133,74;2
0662182;F001;3761,09;5
0662182;B002;2516,51;1
0431582;F001;2196,66;4
0431582;E001;2631,6;2
0431582;B001;1212,57;3
0431582;D001;1109,5;5
0431582;B002;5729,99;4
0431582;C001;233,93;2
0600003;C001;346,2;4
0600003;B002;2578,35;3
0600003;A002;1372,56;3
0600003;D001;1084,03;4
0676252;F001;2951,43;4
0676252;A002;368,21;4
0676252;D001;1121,56;3
0676252;E001;4884,46;5
0382918;D001;3613,01;1
0382918;E001;1157,56;6
0382918;B002;3436,52;6
0382918;C001;1166,07;2
0382918;B001;3297,43;3
0995444;B002;3242,72;6
0995444;A002;7068,62;5
0995444;F001;2923,27;6
0995444;E001;6376,03;3
0995444;D001;2355,16;5
0995444;C001;2766,32;3
0995444;A001;958,12;4
0534126;B002;678,01;6
0534126;F001;2632,57;4
0534126;A002;443,61;6
0534126;C001;7286,87;4
0534126;A001;4063,75;4
0534126;B001;2532,45;3
0534126;D001;2937,2;2
0435960;D001;1015,97;1
0435960;B002;1609,13;5
0435960;E001;1195,41;1
0435960;C001;7604,52;5
0435960;F001;1290,87;1
0178456;F001;5906,4;5
0178456;A002;297,27;5
0178456;E001;3307,57;6
0178456;D001;2366,1;1
0178456;C001;4063,98;1
0178456;A001;7287,6;2
0496743;E001;14563,23;1
0496743;B002;14493,78;4
0496743;B001;5195,97;1
0661177;E001;695,33;2
0661177;C001;3618,88;3
0661177;D001;1988,31;5
0661177;F001;1012,75;5
0321797;B001;2509,15;2
0321797;E001;5481,85;2
0321797;B002;2553,64;3
0321797;C001;3136,56;4
0321797;A001;395,13;5
0321797;A002;2437,8;1
0321797;D001;4057,58;4
0526322;B002;982,87;4
0526322;C001;1814,75;6
0526322;D001;5645,32;5
0526322;A001;1287,49;2
0526322;A002;7036,05;4
0526322;E001;1058,43;4
0526322;F001;1464,95;5
0526322;B001;3654,62;4
0621686;D001;7643,7;1
0621686;A001;1914,49;5
0621686;E001;1047,04;6
0621686;B002;1532,98;4
0621686;F001;299,42;3
0621686;B001;8710,16;6
0865758;B002;7737,62;3
0865758;B001;5094,48;3
0865758;E001;8669,31;6
0865758;F001;368,99;3
0160749;C001;3615,39;4
0160749;B002;902,74;4
0160749;E001;487,29;2
0160749;A001;668,34;6
0710468;B001;1260,96;1
0710468;C001;1269,49;6
0710468;A002;5973,57;1
0710468;E001;557,24;3
0710468;F001;9298,9;4
0710468;A001;895,14;2
0620643;A002;1115,91;5
0620643;F001;1279,31;1
0620643;C001;8548,15;3
0620643;D001;3987,8;6
0620643;A001;3150,62;3
0620643;B002;4235,43;1
0620643;E001;954,05;4
0620643;B001;2245,52;5
0353600;E001;2815,27;3
0353600;A002;2446,98;1
0353600;D001;1048,37;2
0353600;C001;3613,32;5
0353600;B001;6232,51;5
0353600;F001;1910,66;1
0289517;E001;3731,02;6
0289517;D001;2549,15;5
0289517;A001;2937;4
0289517;B001;2710,17;2
0289517;F001;324,65;5
0289517;B002;2740,1;6
0289517;C001;1725,03;1
0418184;A001;1191,43;6
0418184;A002;3235,84;1
0418184;E001;730,51;2
0418184;C001;1988;5
0418184;F001;895,39;1
0418184;B001;1228,26;2
0418184;B002;2116,61;1
0418184;D001;1885,34;6
0715709;C001;5001,78;4
0715709;F001;22973,88;2
0715709;B002;8677,15;6
0715709;A001;712,77;5
0715709;B001;1748,14;3
0715709;A002;5381,82;5
0715709;E001;5618,04;2
0715709;D001;264,68;3
0700167;A001;3272,93;5
0700167;E001;1863,78;6
0700167;F001;1372,04;6
0700167;A002;3659,74;6
0700167;B001;10204,93;6
0395591;C001;527,11;2
0395591;E001;970,75;1
0395591;A002;3038,19;2
0428610;B001;4437,15;2
0428610;A001;4029,28;1
0428610;D001;3416,93;6
0428610;B002;7810,24;5
0428610;F001;3011,6;4
0428610;C001;609,48;5
0428610;E001;905,65;2
0428610;A002;1422,29;1
0904295;E001;3017,33;1
0904295;A002;255,82;4
0904295;F001;713,56;5
0405224;B002;937,77;1
0405224;D001;4180,25;1
0405224;A001;5827,39;1
0405224;A002;2924,3;5
0321593;D001;3511,04;1
0321593;C001;939,62;4
0321593;A001;2708,95;5
0685358;D001;889,82;3
0685358;E001;291,91;5
0685358;B001;867,13;1
0685358;B002;2303,19;5
0685358;A001;1459,81;4
0584251;D001;2089,36;2
0584251;B001;3056,32;5
0584251;B002;2164,4;2
0584251;A001;2561,78;1
0584251;C001;1497,91;1
0584251;E001;3488,26;5
0584251;A002;2032,95;6
0251239;F001;1115,84;6
0251239;C001;488,43;5
0251239;A001;1585,71;3
0251239;B001;2389,69;3
0251239;A002;11697,58;2
0251239;B002;730,55;6
0251239;D001;2194,57;2
0251239;E001;6410,24;1
0804204;A002;970,8;1
0804204;D001;1083,61;5
0804204;C001;7710,07;6
0804204;A001;722,47;6
0804204;B002;1119,69;2
0804204;F001;3652,78;3
0495103;D001;1702,33;1
0495103;B002;8564,78;2
0495103;E001;1867,69;3
0495103;B001;19525,98;5
0495103;A001;2576,04;5
0276928;E001;980,47;2
0276928;B001;5493,11;6
0276928;B002;2770,39;6
0276928;A001;1584,06;3
0276928;A002;9052,14;6
0276928;F001;1816,66;3
0606318;B002;447,23;2
0606318;D001;2837,06;2
0606318;F001;1179,7;6
0606318;A001;1220,13;5
0606318;B001;944,19;4
0870791;B001;1426,25;3
0870791;F001;13852,23;1
0870791;A002;2386,6;6
0870791;A001;3393,08;6
0870791;C001;2136,84;3
0870791;D001;5045,61;5
0870791;E001;2063,41;3
0870791;B002;6646,52;3
0407580;A001;3377,17;1
0407580;D001;4295,73;5
0407580;B002;1551,51;6
0407580;A002;831,31;5
0407580;C001;992,28;3
0407580;F001;2805,8;2
0407580;B001;467,43;3
0211965;C001;1244,06;2
0211965;B002;1970,5;1
0211965;F001;2591,66;5
0211965;A001;2538,85;3
0327267;B002;3772,1;4
0327267;B001;1622,55;2
0327267;C001;1753,05;6
0327267;A002;1351,81;6
0327267;A001;2956,83;6
0327267;E001;4119,13;5
0327267;D001;2761,14;1
0327267;F001;3787,73;3
0247243;E001;1670,61;1
0247243;B001;2250,03;1
0247243;A002;1960,87;3
0247243;B002;633,14;3
0247243;D001;2067,9;3
0152912;B002;1327,07;3
0152912;A002;5936,01;5
0152912;C001;3079,78;1
0152912;A001;1384,63;2
0152912;F001;2206,57;5
0152912;E001;1945,79;4
0152912;D001;2703,63;5
0781161;F001;5744,88;6
0781161;B001;3609,78;2
0781161;B002;7920,87;3
0781161;C001;3136,21;4
0781161;A001;3418,41;4
0781161;A002;1078,99;2
0781161;D001;18162,53;1
0781161;E001;1291,36;4
0961766;A002;649,07;1
0961766;E001;1629,86;1
0961766;C001;2616,66;6
0961766;B002;1151,49;2
0961766;A001;459,08;1
0961766;D001;4474,21;1
0961766;B001;6446,11;4
0961766;F001;1404,8;2
0768412;F001;1714,49;4
0768412;E001;1497,69;2
0768412;A001;954,51;5
0768412;A002;564,66;4
0768412;B002;1139,97;2
0768412;C001;1875,38;3
0768412;D001;3982,86;5
0624617;D001;2444,29;2
0624617;F001;953,35;1
0624617;C001;2041,07;6
0624617;A002;1083,49;2
0624617;A001;541,4;1
0624617;B002;1090,19;5
0624617;B001;257,21;5
0624617;E001;1291,84;3
0572483;A001;4844,41;3
0572483;C001;785,93;3
0572483;F001;4675,87;5
0572483;D001;1736,55;3
0572483;A002;1975,03;5
0335880;B001;2752,12;4
0335880;A001;1107,76;3
0335880;A002;2812,46;3
0335880;F001;4163,61;2
0335880;D001;1543,59;1
0335880;E001;1907,1;2
0335880;C001;945,62;1
0335880;B002;1501,7;4
0999457;A001;7276,89;2
0999457;C001;8252,62;3
0999457;F001;2265,85;1
0999457;A002;1412,97;6
0999457;D001;2041,18;6
0999457;B002;10359,5;1
0999457;B001;1563,77;6
0154138;C001;330,37;1
0154138;A002;4539,76;3
0154138;E001;3167,83;5
0154138;A001;4066,96;4
0154138;B002;4408,33;3
0154138;D001;984,83;1
0174291;D001;1381,13;5
0174291;E001;1974,14;6
0174291;B001;4581,42;1
0174291;B002;1262,34;1
0174291;A001;1124,92;4
0174291;A002;3677;1
0174291;F001;552;5
0425631;D001;572,16;6
0425631;B002;2734,79;5
0425631;C001;1830,12;6
0425631;E001;1844,28;4
0425631;B001;1192,14;1
0425631;A001;598,17;4
0425631;F001;873,79;6
0887590;A002;18878,14;4
0887590;E001;4660,23;3
0887590;B002;2654,95;2
0294115;A002;506,09;6
0294115;F001;1308,4;6
0294115;E001;1602,38;4
0294115;D001;490,29;5
0294115;A001;3133,01;4
0294115;B001;799,64;4
0434513;D001;1279,89;6
0434513;A001;5029,22;6
0434513;A002;1152,04;1
0434513;B002;2490,29;4
0434513;E001;2417,84;2
0434513;B001;820,7;3
0657550;A001;4761,62;6
0657550;D001;1926,9;4
0657550;E001;4122,92;6
0657550;F001;2087,97;4
0982627;F001;1964,51;2
0982627;B002;1306,9;2
0982627;D001;3412,82;6
0982627;A002;8975,57;1
0982627;C001;5915,36;4
0612211;A002;1860,26;4
0612211;E001;1654,74;2
0612211;C001;1191,87;3
0612211;B002;5260,93;1
0612211;D001;7447,49;3
0612211;A001;2747,96;2
0612211;B001;1801,24;4
0605823;B002;985,54;4
0605823;F001;1000,53;4
0605823;D001;5418,98;1
0605823;E001;2934,14;4
0605823;B001;2090,37;6
0605823;A001;872,13;5
0605823;C001;674,55;6
0605823;A002;4926,69;6
0188704;D001;9133,93;4
0188704;C001;1665,42;2
0188704;F001;4433,29;3
0296371;C001;2227,97;4
0296371;B001;430,4;6
0296371;A001;3635,09;5
0296371;E001;3380,08;5
0247218;B001;2632,31;2
0247218;B002;3217,74;5
0247218;F001;2612,27;6
0247218;A002;563,27;5
0247218;A001;4717,18;3
0247218;E001;1208,91;3
0247218;D001;3247,41;4
0247218;C001;3934,46;6
0880846;F001;510,76;1
0880846;D001;1916,24;4
0880846;A001;1196,23;3
0241293;C001;900,82;5
0241293;F001;2703,92;4
0241293;A001;1685,7;3
0241293;B001;8209,81;5
0241293;E001;1555,66;2
0241293;D001;777,82;6
0241293;B002;3553,28;1
0241293;A002;911,9;1
0595898;B002;544,42;3
0595898;B001;559,27;4
0595898;E001;2056,93;4
0595898;A001;2189,86;1
0269143;B002;814,05;5
0269143;B001;3465,89;5
0269143;A002;3581,21;1
0269143;F001;1697,15;4
0778076;E001;6942,5;1
0778076;B001;896,04;3
0778076;B002;1631,75;6
0778076;C001;1585,42;1
0778076;F001;726,13;1
0778076;A002;2323,61;4
0778076;A001;457,3;1
0778076;D001;590,8;2
0224293;C001;12460,87;1
0224293;E001;1653,71;6
0224293;A002;1629,89;5
0224293;A001;16948,55;1
0224293;F001;1918,18;6
0224293;B002;4717,81;3
0601834;B002;3250,03;3
0601834;E001;10247,32;1
0601834;F001;3074,84;3
0601834;D001;565,44;6
0601834;A001;1541,07;6
0601834;B001;6259,53;5
0478152;E001;4721,49;2
0478152;F001;3792,89;6
0478152;D001;1030,28;2
0478152;A001;8332,89;5
0478152;C001;2865,33;1
0478152;B001;2527,69;1
0424547;F001;6168,98;5
0424547;B002;768,6;5
0424547;E001;1079,94;4
0424547;B001;3295;6
0424547;A002;746,93;2
0424547;D001;4998,74;2
0424547;C001;1469,28;5
0544481;F001;3739,48;5
0544481;A001;1361,76;4
0544481;C001;3690,83;5
0741778;F001;4399,1;5
0741778;A002;2769,92;4
0741778;A001;968,24;4
0741778;B001;1615,67;1
0692535;B001;1336,17;2
0692535;B002;2145,28;4
0692535;A002;1666,78;2
0778714;A002;1357,39;1
0778714;A001;6329,22;4
0778714;B002;1812,98;3
0778714;C001;1778,01;5
0778714;B001;10442,68;1
0778714;D001;5393,25;1
0636089;C001;6668,55;1
0636089;F001;5669,61;6
0636089;A001;1715,73;1
0636089;B002;1118,74;5
0636089;A002;425,09;6
0612437;D001;7533,68;1
0612437;F001;1012,99;2
0612437;C001;2334,34;1
0612437;A002;10147,38;1
0612437;A001;1165,36;3
0612437;B002;2594,17;6
0612437;E001;1441,18;3
0218840;F001;760,01;1
0218840;E001;1025,96;2
0218840;B002;896,37;4
0218840;A001;1047,26;1
0218840;C001;4217,8;1
0218840;A002;4008,57;2
0218840;B001;281,62;3
0577772;B002;2960,35;3
0577772;D001;1384,02;2
0577772;C001;2026,37;2
0577772;A002;1089,69;2
0577772;A001;2296,81;3
0577772;F001;2493,13;1
0375587;C001;457,1;5
0375587;D001;4291,2;1
0375587;B002;505,02;6
0375587;A002;5321,34;2
0375587;F001;683,48;3
0859680;B001;12524,31;6
0859680;A002;1799,54;4
0859680;A001;3167,3;2
0680442;C001;3747,01;2
0680442;D001;1853,84;4
0680442;B001;1197,79;1
0680442;A001;1075,99;1
0680442;A002;1187,5;1
0680442;F001;1708,08;4
0680442;E001;2993,25;6
0680442;B002;747,72;1
0735660;E001;1103,61;6
0735660;D001;2090,06;6
0735660;B002;1135,75;4
0735660;B001;2291,18;6
0735660;C001;8306,51;5
0256349;A001;2037,84;2
0256349;A002;8099,94;6
0256349;D001;3490;6
0256349;E001;394,69;2
0256349;B001;6359,86;4
0256349;C001;389,87;3
0256349;B002;5694,07;2
0833953;F001;2941,55;4
0833953;A001;1918,73;1
0833953;E001;19250,42;1
0833953;D001;5213,37;2
0833953;B002;4745,75;4
0235578;D001;5325,76;2
0235578;F001;1287,82;1
0235578;C001;209,95;2
0235578;A002;10330,01;5
0235578;A001;1984,86;3
0504584;A002;1753,12;3
0504584;B001;1100,08;4
0504584;C001;2688,67;6
0504584;E001;1627,64;6
0238902;A002;1805,25;3
0238902;D001;466,83;2
0238902;A001;475,58;1
0982248;A002;2244,08;5
0982248;F001;3533,31;5
0982248;E001;2753,05;1
0982248;B001;1720,82;5
0982248;D001;631,49;1
0982248;A001;2069,23;2
0925575;A001;2148,35;6
0925575;D001;622,86;5
0925575;B002;335,25;4
0925575;E001;8982,7;6
0925575;F001;7773,27;4
0925575;B001;10434,65;6
0925575;A002;245,68;2
0542910;F001;1424,19;6
0542910;B001;444,51;4
0542910;E001;2669,32;1
0996929;B002;3104,69;3
0996929;D001;678,14;3
0996929;C001;4253,45;6
0996929;E001;2783,53;4
0996929;F001;3292,99;6
0185692;E001;1086,02;3
0185692;D001;1250,71;1
0185692;C001;5809,67;3
0185692;B001;1458,71;1
0185692;A002;1192,85;4
0185692;B002;5319,46;1
0185692;A001;8611,49;4
0185692;F001;1052,68;5
0817537;E001;532;5
0817537;C001;964,15;2
0817537;A002;747,88;2
0817537;B001;1273,29;2
0817537;D001;4431,3;6
0817537;B002;1110,9;4
0817537;A001;1159,04;2
0110768;A001;2547,45;3
0110768;B001;2693,07;6
0110768;B002;2956,67;2
0110768;E001;1247,02;1
0626096;F001;310,42;5
0626096;B001;4593,98;4
0626096;B002;1589,35;3
0626096;E001;1186,72;3
0626096;A001;2379,4;3
0179103;A002;1459,74;6
0179103;F001;506,72;1
0179103;E001;521,38;4
0179103;D001;10778,35;6
0179103;C001;3972,55;2
0179103;B002;1025,79;6
0179103;B001;6877,32;2
0359373;E001;1660,76;1
0359373;B001;5123,6;2
0359373;D001;1081,87;4
0359373;A002;688,87;5
0312489;A002;1389,53;6
0312489;A001;2681,56;5
0312489;B001;1831,31;3
0312489;D001;2172,61;6
0525999;C001;3903,59;5
0525999;D001;2833,44;3
0525999;A001;4245,03;3
0804348;B002;6382,41;3
0804348;D001;1700,47;6
0804348;B001;3503;2
0804348;E001;5347,34;2
0804348;A002;1544,52;3
0888757;C001;918,67;6
0888757;A001;967,91;4
0888757;D001;896,63;3
0888757;A002;3745,46;4
0888757;B002;8671,04;5
0888757;F001;3380,12;5
0888757;B001;2779,53;3
0592247;F001;1013,46;5
0592247;A002;952,81;5
0592247;A001;1872,85;2
0592247;B002;9445,2;3
0592247;D001;2138,61;1
0592247;E001;1580,74;3
0592247;C001;1092,36;2
0592247;B001;4905,85;1
0291558;B001;8415,5;6
0291558;F001;4290,97;2
0291558;D001;1286,71;3
0291558;B002;5630,6;3
0111500;F001;1461,42;6
0111500;A002;8128,5;3
0111500;A001;6360,78;4
0444654;B002;1848,1;6
0444654;F001;748,96;1
0444654;C001;2391,93;1
0444654;B001;969,9;4
0444654;D001;8040,72;4
0444654;A002;1631,4;2
0444654;A001;1596,15;3
0444654;E001;5927,16;4
0546613;A002;542,74;2
0546613;D001;697,65;3
0546613;A001;3060,69;2
0546613;B001;1723,35;6
0498714;A001;5116,17;4
0498714;C001;2615,62;6
0498714;B002;772,35;3
0838235;A002;3545,27;2
0838235;C001;4292,52;1
0838235;B002;2930,58;3
0838235;D001;2419,51;3
0838235;A001;4944,29;2
0838235;F001;2281,55;3
0838235;B001;6369,08;4
0476699;E001;1096,83;4
0476699;A002;2325,61;6
0476699;A001;6911,97;6
0345030;A001;897,44;3
0345030;D001;989,29;1
0345030;B001;1969,21;5
0345030;B002;1556,07;6
0126564;B001;2278,44;1
0126564;A001;2201,92;6
0126564;F001;1610,28;2
0126564;D001;2120,09;6
0126564;E001;7917,23;5
0182467;B001;1160,43;2
0182467;C001;5708,19;5
0182467;D001;4294,63;4
0182467;B002;746,8;1
0621943;A001;321,59;3
0621943;D001;2491,17;1
0621943;E001;1669,47;5
0433905;F001;346,32;3
0433905;A002;2648,16;5
0433905;B002;1464,57;5
0433905;A001;3799,56;6
0433905;B001;2795,13;3
0433905;E001;2023,2;5
0433905;D001;233,88;1
0196078;F001;2705,71;5
0196078;E001;1271,53;5
0196078;B002;1262,93;1
0196078;A001;2938,53;6
0874205;B001;3776,42;4
0874205;D001;2507,83;1
0874205;E001;1398,85;3
0874205;C001;3144,62;1
0874205;A001;809,82;2
0874205;A002;561,53;3
0552359;B001;3066,58;5
0552359;E001;1604,15;6
0552359;B002;2285,93;5
0552359;A002;1109,72;2
0552359;C001;1548,78;4
0127629;A002;238,23;3
0127629;B001;1710,31;2
0127629;D001;12874,94;5
0127629;B002;799,71;2
0127629;A001;2876,89;2
0127629;F001;2777,8;5
0909824;F001;2034,49;1
0909824;B001;1666,29;6
0909824;B002;1400,21;5
0909824;A002;1946,81;3
0909824;A001;560,43;5
0909824;D001;995,2;1
0909824;C001;1384,76;5
0909824;E001;724,66;3
0707590;A002;549,4;4
0707590;C001;2125,65;5
0707590;E001;3490,78;5
0707590;B001;1352,33;2
0707590;D001;4033,56;1
0707590;A001;4370,42;2
0659882;A002;2416,6;4
0659882;D001;694,44;6
0659882;B002;2283,88;1
0659882;A001;4611,49;6
0659882;F001;758,78;2
0659882;E001;1371,98;5
0659882;B001;973,45;4
0510281;E001;2090,82;6
0510281;B001;2195,72;6
0510281;A002;624,9;1
0510281;C001;1158,55;2
0510281;A001;4694,55;6
0510281;B002;15745,84;1
0510281;D001;1297,09;2
0510281;F001;2389,55;6
0923615;F001;3746,28;2
0923615;A002;1642,45;1
0923615;A001;5282,27;5
0923615;D001;531,09;5
0666155;A001;948,07;3
0666155;D001;525,99;4
0666155;E001;2667,39;2
0666155;F001;6418,63;4
0666155;B001;1969,29;1
0276642;A001;2327,93;4
0276642;B001;962,64;3
0276642;E001;680,84;3
0276642;C001;5739,41;2
0276642;D001;6687,13;2
0648807;B002;2278,04;5
0648807;C001;6284,71;4
0648807;F001;1310,83;5
0648807;E001;2203,27;3
0648807;D001;4197,39;2
0648807;A002;1297,65;5
0723954;B002;1615,91;1
0723954;A002;3128,03;2
0723954;D001;5099,05;5
0560003;F001;2220,65;3
0560003;B002;1230,07;1
0560003;C001;2273,82;1
0560003;B001;1582,62;6
0560003;E001;3477,18;5
0560003;A002;1777,03;5
0560003;A001;1033,99;1
0560003;D001;1672,06;3
0269160;C001;4780,12;1
0269160;B001;4830,41;4
0269160;E001;1437,91;4
0269160;F001;1944,31;3
0776323;D001;2561,2;1
0776323;C001;3913,78;4
0776323;E001;1200,19;1
0776323;A002;1454,98;6
0776323;B001;3356,67;3
0776323;B002;566;5
0776323;A001;1199,47;3
0776323;F001;1409,43;2
0349110;D001;4083,84;4
0349110;A001;2213;6
0349110;E001;1371,55;2
0349110;C001;1184,64;6
0349110;B002;10362,25;6
0349110;F001;1822,43;1
0349110;A002;637,43;1
0349110;B001;1637,4;3
0823479;C001;778,64;1
0823479;B002;901,13;3
0823479;F001;1360,67;4
0795135;A002;902,06;6
0795135;D001;3346,38;4
0795135;E001;11969,27;1
0795135;B002;792,95;6
0795135;C001;10964,57;1
0795135;F001;644,49;2
0795135;A001;11310,5;2
0795135;B001;1329,85;4
0414689;F001;2933,52;3
0414689;E001;3337;6
0414689;C001;3302,48;4
0414689;A002;845,88;5
0772214;F001;1147,93;4
0772214;D001;2528,83;3
0772214;E001;1685,02;4
0772214;A001;1860,32;3
0772214;B001;2661,14;4
0772214;C001;810,68;3
0734171;F001;1730,94;6
0734171;A002;2230,84;1
0734171;D001;2015,19;3
0734171;B002;761,18;5
0734171;B001;1029,9;4
0734171;C001;336,01;3
0734171;E001;4576,57;4
0734171;A001;2292,98;1
0136615;F001;834,5;6
0136615;C001;4469,28;2
0136615;B002;655,26;5
0943793;D001;508,92;5
0943793;A001;980,42;2
0943793;F001;2707,01;1
0675482;C001;724,43;1
0675482;E001;4530,37;6
0675482;B002;1012,85;6
0675482;D001;1889,34;1
0675482;A001;9486,97;3
0675482;F001;1265,9;6
0103765;E001;1429,12;3
0103765;F001;5476,12;5
0103765;D001;3604,95;4
0103765;B002;2121,07;2
0103765;A001;2790,79;3
0146633;A002;4748,84;6
0146633;F001;2774,92;1
0146633;B002;1644,76;2
0146633;D001;1319,7;3
0515453;C001;1626,1;1
0515453;B002;7057,66;1
0515453;F001;5329,21;4
0515453;E001;476,63;4
0515453;A002;2897,52;3
0515453;A001;3601,46;1
0359076;D001;1020,37;1
0359076;A002;2352,83;6
0359076;C001;760,36;2
0359076;B001;5455,78;3
0293044;F001;760,79;1
0293044;C001;411,34;5
0293044;A001;3805,28;6
0293044;D001;2888,65;4
0215832;D001;1148,98;1
0215832;E001;13681,59;3
0215832;A001;1837,09;6
0215832;F001;24797,54;5
0215832;C001;1319,1;5
0215832;A002;1442,38;5
0554606;B002;5149,43;5
0554606;C001;907,28;6
0554606;B001;1353,81;5
0554606;D001;494,25;2
0554606;A001;2316,65;6
0198499;F001;1230,76;1
0198499;B002;1341,09;1
0198499;E001;1164,73;1
0367792;F001;387,49;3
0367792;B001;3780,23;4
0367792;D001;4748,7;1
0876031;D001;919,67;3
0876031;B002;1529,92;6
0876031;A002;1290,6;5
0166486;E001;618,27;5
0166486;A002;724,77;1
0166486;C001;547,92;5
0166486;D001;1341,31;3
0166486;B002;1345,78;1
0166486;F001;5842,56;4
0166486;A001;4931,07;4
0858241;E001;2190,06;4
0858241;A001;692,71;1
0858241;D001;4766,27;5
0858241;B002;754,85;1
0858241;F001;2619,56;3
0858241;B001;444,15;1
0858241;A002;926,3;6
0858241;C001;1197,23;3
0412201;D001;7057,74;5
0412201;B001;497,88;4
0412201;B002;2714,26;6
0412201;F001;1210,12;2
0412201;E001;7171,32;6
0412201;A002;904,35;1
0412201;A001;3007,3;3
0412201;C001;1878,19;1
0992653;E001;3146,39;6
0992653;D001;603,54;5
0992653;A001;310,48;3
0992653;C001;1919,25;4
0992653;A002;3014,99;4
0992653;F001;1460,91;6
0992653;B002;626,68;5
0992653;B001;1201,91;2
0707186;F001;356,24;2
0707186;C001;3298,27;3
0707186;A001;2711,41;2
0127117;C001;4557,87;4
0127117;B001;1250,28;6
0127117;B002;2459,91;6
0127117;D001;3842,62;4
0127117;E001;5707,94;6
0127117;F001;2136,65;3
0127117;A001;2214,8;3
0127117;A002;6052,66;2
0447258;D001;2917,43;2
0447258;B002;1745,94;5
0447258;E001;4166,12;5
0447258;B001;447,23;5
0356828;A001;5062,01;4
0356828;E001;2212,38;5
0356828;F001;841,46;4
0356828;D001;916,32;3
0356828;C001;857,27;6
0356828;B002;1395,93;2
0145796;E001;1710,37;3
0145796;B001;2400,09;1
0145796;C001;2725,58;1
0145796;A002;3369,37;4
0145796;D001;1071,33;6
0145796;B002;874,74;4
0145796;F001;416,58;5
0790271;F001;324,71;5
0790271;A001;4828,78;6
0790271;B001;456,12;3
0790271;A002;11985,79;3
0830962;A002;381,87;5
0830962;D001;3333,5;3
0830962;C001;2486,23;4
0830962;F001;6724,51;6
0592286;B002;4715,5;3
0592286;C001;5635,58;6
0592286;A001;6486,03;5
0592286;B001;2077,99;1
0592286;D001;2162,46;4
0592286;E001;1253,49;2
0592286;A002;880,2;6
0592286;F001;5447,87;1
0778456;D001;9933,52;6
0778456;B001;2098,49;6
0778456;A002;1812,83;5
0778456;F001;2022,6;6
0778456;C001;1317,62;3
0778456;E001;8340,85;6
0778456;A001;5146,53;2
0778456;B002;2186,14;6
0872634;E001;2107,4;1
0872634;C001;983,19;3
0872634;D001;1570,61;5
0872634;A002;2409,18;5
0872634;F001;1736,98;4
0872634;B001;2125,17;1
0872634;A001;3500,16;4
0454726;E001;603,37;2
0454726;A002;1937,64;5
0454726;D001;5634,07;2
0454726;A001;1334,98;3
0454726;C001;2242,18;5
0454726;F001;273,72;2
0454726;B002;818,4;6
0454726;B001;1901,7;5
0157044;E001;951,26;6
0157044;B002;3159,61;6
0157044;A001;4240,33;2
0157044;C001;3346,12;4
0157044;A002;435,65;5
0157044;F001;1118,81;1
0157044;B001;3916,47;1
0157044;D001;2909,11;5
0271564;A002;3857,8;6
0271564;E001;3167,41;4
0271564;F001;896,8;5
0271564;B002;3100,4;4
0271564;D001;4823,39;6
0941514;C001;9246,64;2
0941514;A002;3127,96;4
0941514;A001;6340,59;5
0941514;B001;954,16;4
0941514;E001;10414,53;5
0759938;A002;493,44;1
0759938;B001;2932,64;4
0759938;F001;545,93;5
0759938;B002;3094,91;5
0759938;A001;1116,68;4
0759938;D001;800,27;4
0759938;E001;6563,02;4
0759938;C001;2483,79;4
0701664;F001;2885,19;1
0701664;A002;3395,12;2
0701664;A001;2338,1;3
0701664;E001;3345,78;5
0701664;D001;4028,92;1
0701664;B002;7518,4;6
0701664;C001;772,01;3
0673236;C001;8762,66;1
0673236;D001;1999,37;4
0673236;F001;4473,23;1
0673236;E001;10687,71;1
0144005;E001;1586,03;5
0144005;D001;1996,84;6
0144005;C001;1981,26;6
0144005;B002;9715,64;6
0144005;F001;1569,4;5
0144005;A002;1011,19;5
0292165;B001;1857,46;5
0292165;A002;2278,11;1
0292165;E001;7593,25;5
0292165;D001;3494,72;3
0292165;B002;2555,17;2
0292165;F001;3079,48;3
0292165;C001;2758,41;3
0569941;E001;387,68;6
0569941;B002;993,29;3
0569941;B001;2736,21;3
0569941;D001;2665,05;6
0569941;A001;508,5;2
0569941;C001;2413,34;2
0569941;A002;1235,09;5
0388661;A002;2737,82;6
0388661;B002;6715,75;3
0388661;F001;1958,77;6
0365481;A001;1469,93;5
0365481;F001;3008,62;5
0365481;C001;1300,3;4
0365481;B002;2299,45;5
0365481;E001;1326,69;5
0365481;A002;4423,5;3
0365481;B001;2318,47;1
0411952;A002;2838,33;6
0411952;E001;731,88;2
0411952;B001;5669,15;2
0411952;D001;5175,66;2
0411952;F001;1758,25;3
0411952;B002;765,84;3
0392000;A001;1009,18;2
0392000;D001;1445,18;4
0392000;F001;1575,38;6
0392000;E001;319,67;5
0392000;B002;1474,63;6
0392000;B001;23429,33;6
0392000;A002;2131,91;5
0392000;C001;3175,13;1
0274989;B002;3538,76;4
0274989;F001;1861,06;3
0274989;A001;839,77;5
0964660;B002;2318,9;1
0964660;F001;1248,18;5
0964660;A001;2327,32;6
0964660;B001;1246,15;6
0964660;D001;719,57;5
0931596;E001;878,7;5
0931596;A002;3354,34;4
0931596;B001;271,37;3
0931596;C001;1039,96;5
0931596;B002;1662,03;6
0931596;D001;1322,08;4
0868211;A002;1257,24;3
0868211;D001;2016,13;2
0868211;A001;1179,65;3
0868211;F001;5169,76;5
0868211;B002;2853,61;5
0868211;C001;1286,38;5
0541406;B002;1224,72;6
0541406;F001;906,73;3
0541406;D001;1914,85;3
0567151;A002;4007,47;2
0567151;D001;550,6;6
0567151;B002;3517,46;2
0567151;B001;3028,49;3
0626470;E001;1853,44;2
0626470;A002;1079,96;6
0626470;A001;1598,27;2
0283319;A002;1949,65;2
0283319;B001;1417,7;6
0283319;B002;2061,61;5
0283319;E001;2895,09;4
0283319;D001;3742,12;6
0283319;F001;1409,92;5
0283319;C001;306,39;6
0283319;A001;3750,19;1
0677028;D001;3222,18;5
0677028;E001;3053,63;3
0677028;A001;1849,27;3
0208491;C001;2307,72;1
0208491;E001;4285,39;2
0208491;D001;1344,55;6
0841689;B001;908,93;2
0841689;B002;1687,76;2
0841689;A001;1994,6;1
0841689;F001;1596,46;4
0841689;A002;3192,09;1
0841689;E001;3813,1;1
0841689;D001;7170,39;4
0841689;C001;5295,28;3
0916213;B002;3147,62;4
0916213;C001;1253,5;5
0916213;D001;3133,24;1
0455771;A002;2573,81;4
0455771;B002;3369,16;4
0455771;E001;1412,16;4
0455771;F001;333,48;4
0455771;B001;2407,61;3
0455771;A001;1023,14;6
0455771;C001;3636,28;5
0573105;D001;260,61;3
0573105;F001;513,45;6
0573105;A001;1183,41;4
0600339;B002;15397,81;1
0600339;C001;905,75;3
0600339;A002;3542,7;3
0381418;F001;167,17;2
0381418;B001;1860,85;2
0381418;B002;1766,43;3
0381418;C001;1275,09;5
0381418;E001;1421,88;3
0755952;B001;2041,5;1
0755952;E001;13986,95;5
0755952;B002;1506,55;5
0755952;C001;819,07;1
0509528;B002;1003,77;6
0509528;A001;2532,57;6
0509528;A002;1114,03;5
0177737;B002;730,62;4
0177737;A002;341,4;3
0177737;A001;5760,65;1
0177737;C001;2570,73;1
0177737;E001;2249,53;4
0177737;B001;2151,34;1
0177737;D001;7288,18;5
0328259;B001;9471,15;4
0328259;A002;597,8;2
0328259;C001;520,26;5
0328259;B002;7008,93;1
0979593;C001;916,42;1
0979593;E001;1580,25;2
0979593;A001;6251,9;5
0979593;A002;3239,87;1
0979593;F001;3118,89;2
0376080;B002;4930,49;5
0376080;B001;2166,63;1
0376080;C001;2588,28;5
0376080;F001;2048,39;5
0376080;A001;5865,86;1
0376080;A002;1403,67;6
0376080;E001;1489,32;5
0186925;D001;1592,12;2
0186925;A002;940,48;4
0186925;C001;920,96;6
0186925;E001;2071,71;3
0186925;A001;2640,03;6
0186925;B001;3141,09;4
0186925;F001;1894,44;2
0507997;B002;2120,21;1
0507997;D001;2452,54;2
0507997;C001;2776,74;1
0507997;E001;1651,04;4
0507997;A001;1423,07;4
0507997;A002;1602,56;3
0507997;B001;4313,46;3
0615568;C001;1852,17;6
0615568;E001;1496,74;5
0615568;B001;1292,35;3
0615568;D001;1465,01;5
0615568;B002;4362,49;3
0184778;A001;1708,77;6
0184778;A002;1591,88;6
0184778;C001;487;5
0184778;B002;2364,07;4
0332761;D001;1266,99;5
0332761;F001;2532,94;4
0332761;B002;1932,52;5
0332761;C001;1903,99;1
0332761;E001;2708,62;3
0899429;A001;863,58;4
0899429;D001;670,56;6
0899429;A002;3369,83;4
0899429;E001;1462,54;2
0899429;B001;2880,22;4
0899429;F001;3110,63;2
0899429;C001;1556,19;1
0367395;A001;4487,04;3
0367395;A002;2742,8;5
0367395;B002;1338,62;1
0367395;F001;1087,06;5
0367395;C001;743,35;5
0367395;E001;660,32;6
0708855;B001;2294,75;3
0708855;C001;2857,99;3
0708855;A002;2352,25;4
0708855;B002;1852,16;3
0708855;A001;1639,09;6
0761028;F001;1760,81;6
0761028;D001;973,5;5
0761028;B002;425,12;6
0371814;D001;1875,88;6
0371814;A001;2800,88;5
0371814;E001;2783,85;4
0371814;F001;1506,22;5
0167443;A002;143,18;5
0167443;B002;803;6
0167443;B001;1688,9;4
0167443;D001;438,11;5
0167443;A001;3838,86;5
0167443;C001;3167,48;3
0167443;E001;679,09;4
0540057;D001;7994,43;4
0540057;A002;890,8;1
0540057;A001;7233,83;5
0442660;F001;2042,04;6
0442660;A002;2463,02;3
0442660;B002;2654,49;1
0442660;D001;1790,82;4
0442660;A001;4617,56;4
0442660;C001;1642,72;2
0442660;E001;634,42;3
0471589;E001;3745,66;2
0471589;A002;3976,82;6
0471589;D001;1522,76;4
0471589;A001;1098,07;2
0573499;F001;1141,1;2
0573499;C001;1135,63;3
0573499;A001;3088,2;5
0573499;E001;1649,48;6
0573499;D001;1102,87;2
0573499;B001;1976,78;5
0573499;A002;4679,59;3
0573499;B002;1714,64;2
0350078;E001;4204,88;3
0350078;B002;7137,76;3
0350078;A001;1055,44;4
0350078;F001;4785,31;6
0350078;C001;6485,06;6
0350078;A002;2463,76;5
0350078;B001;1093,7;2
0350078;D001;2427,37;2
0291525;A002;2467,74;3
0291525;C001;7020,57;1
0291525;B001;2537,71;5
0291525;F001;1343,84;2
0291525;B002;9362,78;4
0291525;E001;2346,68;6
0291525;D001;1745,68;6
0291525;A001;2075,52;1
0419432;C001;898,94;3
0419432;B001;1410,44;4
0419432;B002;2334,56;3
0419432;A001;3134,61;4
0419432;E001;1326,95;2
0419432;A002;2324,88;2
0419432;D001;10310,73;3
0419432;F001;2088,1;1
0542346;B001;902,94;6
0542346;B002;1929,64;6
0542346;D001;1272,47;3
0542346;A001;1722,34;6
0542346;C001;827,37;6
0542346;F001;1764,81;3
0542346;A002;6677,92;6
0542346;E001;1557,4;2
0939440;B001;8367,55;2
0939440;F001;4897,95;4
0939440;B002;2560,97;5
0939440;D001;2357,81;1
0939440;A002;5377,55;5
0939440;A001;912,07;4
0920403;B002;2415,31;2
0920403;C001;1728,84;4
0920403;A002;3348,66;2
0920403;A001;1861,66;3
0920403;F001;2582,84;4
0920403;D001;5176,39;3
0920403;B001;1054,29;2
0577670;A001;1736,71;1
0577670;B002;1981,62;5
0577670;B001;2584,98;2
0478035;F001;7492,31;3
0478035;E001;1371,77;4
0478035;B002;1242,77;4
0638272;D001;790,29;2
0638272;C001;17982,12;1
0638272;E001;2239,28;6
0638272;B001;3141,49;3
0638272;B002;3002,35;3
0638272;A001;2717,39;4
0638272;F001;6134,85;3
0638272;A002;3350,25;6
0212088;F001;761,19;2
0212088;B002;2396,76;1
0212088;D001;3007,5;1
0212088;A001;3866,65;6
0212088;C001;891,33;1
0144499;C001;1651,74;3
0144499;A001;1120,72;5
0144499;D001;496,52;3
0144499;F001;1501,78;5
0144499;B001;1994,74;3
0991959;D001;374;5
0991959;F001;712,1;1
0991959;E001;1848,37;2
0991959;C001;1692,08;6
0991959;A001;3566,76;6
0991959;B002;467,37;2
0679752;F001;4516,61;3
0679752;A001;4286,72;2
0679752;A002;730,27;6
0679752;B002;3782,38;1
0694714;C001;1624,91;4
0694714;B001;1382,05;5
0694714;D001;722,69;4
0735561;A001;3115,38;3
0735561;C001;7989,75;6
0735561;B001;3919,58;2
0735561;F001;4390,54;2
0735561;D001;1350,03;1
0914591;D001;8517,47;1
0914591;A002;643,86;2
0914591;C001;1155,79;2
0897507;A001;8679,7;3
0897507;E001;6547,14;5
0897507;D001;1266,07;1
0897507;B001;898,67;5
0417066;B001;4898,27;2
0417066;F001;3809,67;5
0417066;C001;5837,29;2
0417066;A001;2205,24;4
0417066;E001;7183,66;5
0417066;B002;1791,12;1
0417066;A002;4799,13;5
0726308;B001;1633,02;2
0726308;E001;1438,22;2
0726308;C001;1065,72;3
0726308;B002;1343,23;1
0726308;D001;2513,92;4
0726308;A002;3883,52;6
0726308;A001;2402,01;2
0726308;F001;2968,75;1
0231361;A001;13546,97;6
0231361;E001;1571,11;5
0231361;A002;3833,41;4
0231361;D001;7844,53;2
0231361;B001;2486,64;5
0231361;C001;700,95;1
0985102;A001;1243,38;2
0985102;E001;1782,45;3
0985102;F001;1130,54;4
0985102;C001;1759,88;6
0985102;B002;2770,78;1
0985102;D001;5456,39;6
0985102;B001;625,17;5
0985102;A002;685,45;4
0187226;F001;2852,19;4
0187226;C001;957,28;6
0187226;A002;987,62;4
0187226;D001;683,18;3
0187226;A001;6243,34;4
0187226;B001;3781,25;1
0193550;E001;361,91;1
0193550;A002;3415,33;2
0193550;F001;2267,2;2
0193550;C001;4851,37;5
0193550;B002;519,77;2
0193550;D001;1314,88;1
0639169;A002;2476,45;1
0639169;D001;2034,04;3
0639169;C001;3036,59;3
0639169;E001;1174,43;2
0639169;F001;4681,16;4
0639169;B002;876,88;3
0639169;A001;4939,38;3
0639169;B001;892,17;6
0562201;A002;5288,36;2
0562201;A001;977,95;6
0562201;B001;1680,01;6
0562201;E001;1531,28;5
0562201;D001;1231,68;5
0562201;B002;5592,57;1
0562201;C001;2045,23;1
0562201;F001;1200,04;1
0512306;D001;1229,44;2
0512306;A001;806,25;6
0512306;F001;2909,34;1
0512306;A002;1422,53;2
0512306;B001;1810,7;1
0512306;B002;2925,1;2
0385638;E001;1671,26;3
0385638;F001;2446,56;4
0385638;C001;1312,7;4
0385638;A001;4064,41;4
0385638;B001;2019,12;5
0385638;B002;930,07;5
0385638;D001;2878,12;6
0385638;A002;21014,81;4
0700328;E001;1355,11;5
0700328;A002;702,52;1
0700328;D001;2898,08;1
0700328;B002;1133,39;6
0700328;F001;572,55;6
0700328;C001;1015,47;2
0700328;B001;2131,44;4
0700328;A001;5353,81;3
0753603;A002;5580,81;2
0753603;B002;2644,63;5
0753603;F001;1693,35;5
0753603;A001;1935,12;1
0485104;A002;878,97;6
0485104;F001;1153,35;1
0485104;C001;1671,2;3
0485104;B001;985,28;1
0485104;B002;1131,14;1
0485104;A001;1981,33;6
0640319;F001;1049,09;4
0640319;E001;10124,38;2
0640319;D001;1656,99;1
0640319;B001;7649,06;3
0640319;B002;8238,79;5
0640319;C001;1661,12;5
0640319;A002;3929,2;1
0640319;A001;1557,03;4
0688844;D001;1992,72;1
0688844;B001;2279,89;3
0688844;A002;2271,04;3
0688844;B002;3798,37;5
0688844;C001;3368,67;6
0688844;E001;6442,12;6
0688844;F001;1213,85;3
0679259;F001;844,98;3
0679259;B001;5812,38;5
0679259;A002;817,78;1
0881113;F001;1420,73;2
0881113;D001;2828,94;6
0881113;B001;2242,49;3
0351565;D001;1041,51;6
0351565;A002;964,04;6
0351565;E001;1549,14;4
0991109;A001;1609,14;6
0991109;D001;5066,84;6
0991109;F001;1495,22;3
0991109;B002;3541,52;2
0870685;A001;1644,4;5
0870685;D001;878,89;5
0870685;B001;1768,8;1
0163929;F001;4539,44;2
0163929;A002;2437,73;1
0163929;E001;2483,1;3
0163929;D001;1598,7;1
0163929;B002;1723,76;6
0533953;C001;642,28;6
0533953;F001;3505,02;3
0533953;A002;1288,34;3
0533953;D001;2226,22;5
0533953;A001;1339,38;2
0533953;B001;1607,77;1
0372341;A001;1510,71;1
0372341;D001;656,84;4
0372341;C001;2231,62;2
0372341;B001;439,87;3
0372341;F001;2558,07;5
0372341;B002;2817,2;3
0303461;F001;2533,07;5
0303461;E001;792,11;1
0303461;D001;1171,48;5
0303461;A002;2432,87;1
0303461;C001;3933,4;3
0303461;B002;6726,08;1
0303461;B001;1704,06;2
0178337;E001;615,04;3
0178337;D001;737,36;5
0178337;B002;1361,6;4
0178337;B001;2352,44;6
0178337;A002;6050,26;5
0178337;A001;822;2
0178337;C001;1802,61;4
0403106;F001;1907,55;5
0403106;C001;1323,19;6
0403106;B001;14525,07;5
0403106;B002;2300,61;1
0403106;D001;923;3
0403106;A001;2440,41;6
0297368;A001;3197,63;1
0297368;A002;1029,21;1
0297368;F001;18851,37;4
0170985;A001;2180,12;6
0170985;B002;791,5;3
0170985;B001;1236,53;6
0170985;D001;581,19;4
0170985;E001;4160,57;4
0170985;A002;2784,35;4
0972158;E001;7316,69;3
0972158;A001;1074,29;6
0972158;A002;880,33;4
0972158;D001;1743,16;2
0972158;B002;2822,64;3
0972158;B001;629,99;4
0972158;C001;2671,98;2
0972158;F001;2736,96;6
0837592;E001;3427,49;5
0837592;F001;3232,56;1
0837592;A002;652,88;6
0837592;B001;1218,42;4
0837592;C001;153,45;2
0837592;B002;6698,08;1
0837592;D001;2135,5;1
0837592;A001;686,52;5
0730698;A002;2224,78;6
0730698;D001;997,53;6
0730698;F001;1153,03;2
0730698;C001;2373,48;5
0730698;E001;1138,46;4
0929270;A002;5745,96;2
0929270;F001;855,96;2
0929270;C001;1274,01;6
0929270;D001;1030,39;6
0929270;B002;1445,4;1
0929270;B001;6047,69;1
0929270;E001;1269,17;2
0189708;C001;4438,79;3
0189708;E001;6805,07;1
0189708;B001;11030,04;3
0189708;A002;1922,01;2
0189708;B002;1705,4;2
0189708;A001;2785,46;2
0189708;D001;1629,96;4
0461917;A002;2349,75;1
0461917;B002;2487,52;5
0461917;C001;1014,46;2
0461917;E001;1077,86;3
0461917;F001;1736,08;1
0941181;C001;1249,31;5
0941181;B001;5980,43;2
0941181;A002;284,08;1
0941181;E001;3912,62;4
0640287;C001;1643,39;4
0640287;B001;1675,2;5
0640287;E001;4288,53;1
0640287;B002;4266,3;1
0659103;B002;736,21;5
0659103;D001;3979,27;5
0659103;A002;1667,26;2
0659103;A001;1757,27;5
0659103;F001;355,55;5
0659103;C001;2193,49;1
0659103;E001;1440,16;6
0535686;A001;1329,29;6
0535686;A002;1804,91;2
0535686;C001;2913,83;6
0719452;D001;893,8;6
0719452;E001;983,59;3
0719452;F001;2254,78;5
0719452;B001;2851,63;6
0719452;A001;485,11;2
0453595;A001;3772,94;5
0453595;A002;1566,22;4
0453595;D001;633,55;3
0453595;C001;1224,14;5
0453595;E001;3510,76;1
0453595;F001;2873,76;4
0453595;B002;1408,67;2
0737523;F001;1182,58;3
0737523;C001;1417,87;5
0737523;B002;5299,15;5
0737523;B001;2222,03;1
0737523;E001;5506,72;6
0937175;C001;1818,66;5
0937175;B002;1120,16;3
0937175;E001;1660,25;2
0937175;F001;1029,6;5
0937175;D001;2974,52;3
0967995;E001;11217,15;6
0967995;F001;181,12;3
0967995;C001;1857,72;6
0144694;C001;441,65;5
0144694;E001;3092,59;2
0144694;B002;3333,23;3
0348829;F001;1743,92;2
0348829;D001;2348,67;6
0348829;A001;805,83;5
0348829;B002;1338,83;6
0348829;B001;2549,04;4
0351517;A002;764,23;3
0351517;D001;2614,44;4
0351517;E001;5133,91;3
0351517;B002;262,45;6
0351517;B001;4038,02;4
0351517;F001;338,75;2
0824847;B001;1205,43;4
0824847;B002;2295,3;1
0824847;D001;3785,37;4
0824847;A002;466,77;4
0824847;E001;3201,38;6
0824847;C001;3598,72;3
0824847;F001;10482,63;4
0824847;A001;5528;2
0301564;B002;7271,73;3
0301564;A002;270,5;4
0301564;A001;6194,09;1
0301564;D001;2998,59;3
0301564;C001;2964,94;2
0301564;B001;1368,27;3
0301564;F001;11886,88;6
0301564;E001;4484,48;5
0167973;A002;859,2;6
0167973;C001;1428,03;4
0167973;B002;1971,73;3
0167973;D001;2349,9;1
0167973;A001;2877,77;1
0167973;E001;1114,28;3
0167973;B001;2307,24;4
0167973;F001;781,69;2
0686154;F001;2575,68;6
0686154;A002;2314,88;4
0686154;E001;463,8;2
0686154;A001;4663,22;5
0172782;E001;8900,29;5
0172782;A002;1620,4;5
0172782;D001;1995,86;2
0172782;F001;3425,89;3
0223191;D001;8075,12;4
0223191;E001;756,27;3
0223191;A001;3072,95;1
0223191;B002;786,6;6
0223191;B001;2324,11;2
0223191;C001;946,03;3
0580499;E001;542,08;2
0580499;B002;7806,41;4
0580499;A002;2750,17;3
0580499;A001;16934,55;6
0580499;D001;383,34;6
0580499;F001;1838,61;1
0978078;C001;1395,01;3
0978078;B001;3006,58;6
0978078;A001;3840,07;2
0978078;B002;8646,86;4
0978078;F001;2112,68;2
0596869;B002;3272,7;6
0596869;D001;393,42;3
0596869;A002;4773,39;2
0596869;F001;3663,7;4
0596869;A001;2483,98;6
0937139;C001;2052,28;2
0937139;A002;2390,22;4
0937139;F001;729,48;1
0402916;C001;2052,23;1
0402916;A002;3360,11;4
0402916;D001;5115,64;4
0315580;B001;2683,21;6
0315580;A001;5953,15;5
0315580;D001;1385,46;2
0315580;F001;1829,02;5
0315580;B002;493,94;2
0315580;A002;359,43;2
0315580;E001;966,37;3
0315580;C001;3449,78;2
0788413;F001;2211,42;5
0788413;E001;352,76;4
0788413;A001;2318,45;3
0788413;A002;1297,83;6
0788413;B001;2992,2;4
0788413;D001;8479,5;1
0728632;D001;3824,35;1
0728632;F001;847,8;6
0728632;C001;2749,72;1
0728632;B001;7277,83;3
0728632;A001;951,13;1
0728632;B002;2200,73;2
0728632;A002;6497,1;1
0728632;E001;5001,42;5
0653401;B001;415,48;3
0653401;A002;4444,1;5
0653401;A001;3773,7;2
0653401;B002;1985,64;6
0653401;E001;1058,58;5
0653401;F001;2051,66;1
0928966;B002;1234,81;6
0928966;F001;665,28;1
0928966;E001;10550,12;5
0928966;B001;2390,04;3
0505778;E001;1382,52;4
0505778;D001;8298,1;6
0505778;B002;1485,25;6
0287962;B002;1542,97;1
0287962;C001;6270,04;3
0287962;A001;2168,66;5
0287962;A002;2023,52;4
0287962;B001;432,88;5
0287962;D001;1205,99;1
0287962;E001;9871,86;6
0991144;F001;3008,73;5
0991144;A002;961,85;3
0991144;E001;5416,62;4
0991144;A001;577,29;5
0991144;D001;8417,66;1
0991144;C001;2005,94;3
0991144;B001;1675,64;6
0580515;B001;1158,44;2
0580515;A002;2724,49;1
0580515;F001;4201,86;2
0580515;C001;3318,07;3
0580515;D001;2046,78;2
0580515;B002;2458,9;2
0580515;A001;1909,01;5
0580515;E001;953,88;4
0361683;A001;3126,2;6
0361683;C001;1239,62;6
0361683;D001;1420,46;3
0361683;B002;1844,06;4
0361683;E001;2540,32;2
0361683;F001;8189,84;4
0361683;A002;5157,14;4
0361683;B001;844,29;3
0153264;B001;2152,74;3
0153264;E001;1477,64;5
0153264;A002;486,67;1
0186917;C001;2311,84;6
0186917;D001;1914,37;4
0186917;A002;1387,67;2
0203905;B002;788,1;6
0203905;E001;740,31;3
0203905;F001;3828,99;1
0203905;B001;3558,76;3
0203905;C001;11063,81;5
0203905;A001;1215,17;2
0316240;F001;1767,18;4
0316240;E001;2386,44;2
0316240;A001;1484,53;5
0818265;B001;2629,17;2
0818265;A002;1632,59;4
0818265;B002;3058,3;6
0818265;D001;2837,55;3
0818265;A001;1497,98;4
0818265;C001;1456;4
0818265;E001;8787,39;5
0818265;F001;1638,46;5
0724878;B001;1060,59;1
0724878;A001;1074,59;2
0724878;A002;3506,01;5
0724878;F001;1482,33;6
0767218;D001;3293,94;5
0767218;C001;2895,65;3
0767218;B001;3952,45;5
0767218;B002;2105,55;1
0678614;D001;511,22;2
0678614;E001;2686,7;6
0678614;B002;961,91;6
0678614;A002;7641,97;5
0678614;B001;752,3;1
0678614;A001;875,57;2
0678614;F001;2452,23;2
0203750;D001;2907,12;2
0203750;A001;624,48;5
0203750;B002;3181,45;2
0961990;F001;3408,08;3
0961990;E001;5408,51;3
0961990;D001;2445,42;5
0961990;B002;1697,39;2
0961990;C001;6345,12;5
0961990;A001;2783,79;1
0961990;B001;3083,69;2
0961990;A002;3357,57;2
0478687;E001;4853,86;6
0478687;B001;2441,77;4
0478687;D001;785,57;4
0478687;B002;2295,23;6
0105232;E001;1038,38;1
0105232;A002;859,17;1
0105232;D001;11797,97;3
0105232;B002;2403,5;3
0105232;A001;1506,93;6
0105232;C001;1307,1;2
0851320;B001;432,45;3
0851320;E001;756,54;1
0851320;A001;3434,61;4
0851320;B002;3915,62;1
0851320;A002;7660,41;2
0833553;B002;5351,13;1
0833553;C001;522,14;6
0833553;E001;1795,69;3
0833553;A001;1616,83;3
0479064;E001;3052;3
0479064;A001;2229,69;3
0479064;B001;2407,62;6
0479064;C001;2545,18;3
0479064;A002;1826,98;1
0238127;F001;1869,88;5
0238127;B001;1107,95;2
0238127;A002;940,59;1
0238127;B002;6936,07;5
0828046;E001;1275,62;2
0828046;A001;1456,64;5
0828046;B001;699,67;6
0828046;D001;1325,04;5
0828046;C001;1238,8;2
0828046;A002;13727,44;4
0828046;B002;2176,55;6
0480845;A001;10904;1
0480845;D001;2618,27;2
0480845;A002;5055,32;1
0480845;B001;3377,44;6
0480845;F001;401,51;6
0402541;E001;731,89;1
0402541;C001;1707,93;3
0402541;A001;2490,25;3
0402541;A002;6237,34;1
0168472;A001;4519,54;4
0168472;B001;11696,15;3
0168472;E001;1155,39;4
0168472;D001;5290,15;4
0168472;C001;4736;5
0168472;A002;1946,8;5
0168472;B002;3301,44;3
0588565;A001;4271,07;3
0588565;B002;15493,53;3
0588565;C001;2003,25;5
0588565;D001;5298,32;5
0253807;A002;1524,41;2
0253807;D001;989,95;5
0253807;F001;1333,09;6
0253807;B002;894,67;4
0253807;E001;5768,93;2
0960950;A001;2344,77;1
0960950;D001;890,31;2
0960950;B002;963,8;6
0598029;D001;4055,74;6
0598029;F001;928,49;5
0598029;A002;3233,26;5
0598029;B002;902,49;2
0598029;B001;1587,54;1
0598029;C001;3429,53;1
0598029;A001;2517,3;5
0598029;E001;3993,36;3
0586535;B002;1484,24;5
0586535;B001;3725,91;6
0586535;A002;850,28;3
0521354;B001;2066,86;5
0521354;C001;2863,16;5
0521354;D001;3573,58;6
0521354;F001;1496,04;2
0313834;B001;4619,26;3
0313834;E001;719,15;6
0313834;D001;4228,51;6
0313834;B002;1174,2;3
0313834;A001;3207,84;4
0313834;C001;2286,04;3
0656292;F001;1103,19;5
0656292;D001;1922,23;1
0656292;B002;1663,49;6
0656292;A001;6883,07;2
0432520;C001;10836,25;1
0432520;E001;7217,82;2
0432520;A002;797,14;1
0562799;E001;679,15;1
0562799;A002;983,6;6
0562799;F001;8415,3;2
0562799;D001;3151,02;6
0562799;A001;2886,05;1
0562799;B002;2466,62;6
0562799;C001;4264,79;3
0531701;B001;1456,32;1
0531701;E001;869,73;6
0531701;C001;7398;6
0773815;B002;985,57;4
0773815;D001;4611,96;4
0773815;C001;3431,14;2
0773815;B001;4268,54;5
0773815;F001;2524,73;4
0773815;E001;3223,48;4
0773815;A001;1639,26;6
0773815;A002;2310,91;3
0415700;A002;2558,06;1
0415700;C001;2260,38;5
0415700;D001;1618,16;6
0415700;B002;1428,75;5
0842767;B002;4480,42;6
0842767;C001;2484,72;4
0842767;A001;3110,21;2
0842767;E001;5793,78;3
0453617;F001;2402,4;3
0453617;B001;4748,8;3
0453617;C001;1499,83;1
0453617;A001;1976,01;1
0924646;A002;3947,46;5
0924646;E001;1170,21;1
0924646;B001;8065,13;3
0460781;E001;3042,44;4
0460781;D001;1974,58;3
0460781;B002;1177,99;2
0460781;F001;3958,47;1
0460781;B001;1471,73;3
0460781;A002;2548,56;6
0460781;C001;930,68;5
0623315;D001;976,32;2
0623315;E001;3866,96;6
0623315;F001;559,77;3
0623315;A002;725,57;2
0623315;A001;4624,97;6
0488710;A001;251,75;2
0488710;B002;2408,35;6
0488710;B001;974,39;4
0488710;A002;1281,24;4
0488710;D001;1343,59;6
0488710;E001;1264,69;4
0488710;C001;2218,93;5
0698561;D001;5181,11;4
0698561;B002;1934,21;5
0698561;B001;436,71;5
0698561;C001;2821,88;4
0698561;E001;569,1;4
0698561;A001;7013,64;1
0698561;A002;599,37;4
0698561;F001;831,87;4
0392637;B002;18740,99;1
0392637;A002;1132,89;5
0392637;F001;3461,84;2
0392637;B001;1056,8;3
0392637;C001;4833,58;4
0212559;B001;1719,69;5
0212559;A002;2863,13;6
0212559;C001;1075,11;6
0212559;F001;6393,22;5
0212559;E001;1839,28;5
0689866;A001;5204,25;6
0689866;B002;917,56;1
0689866;B001;2588,16;6
0689866;C001;3576,65;2
0154442;D001;735,18;4
0154442;A002;1318,39;2
0154442;A001;4374,32;6
0567841;F001;1656,62;6
0567841;B002;3048,23;4
0567841;A002;4262,03;6
0144949;A001;1870,5;5
0144949;D001;2869,93;2
0144949;B002;2415,18;3
0144949;A002;2287,95;6
0144949;F001;1267,68;4
0144949;B001;2182,33;4
0144949;E001;2801,37;6
0949843;A002;511,94;1
0949843;D001;2204,7;3
0949843;B001;4268,32;1
0475916;A001;7263,56;6
0475916;C001;1513,21;5
0475916;B001;3870,32;6
0863706;E001;2148,47;6
0863706;C001;5497,57;6
0863706;B002;6312,47;6
0863706;F001;1913,04;5
0863706;A002;2082,29;6
0863706;A001;2861,73;6
0863706;D001;5197,75;2
0863706;B001;487,55;3
0128908;D001;815,19;6
0128908;A001;2495,85;5
0128908;F001;464,24;1
0128908;C001;4107,05;2
0128908;B001;3830,04;2
0128908;A002;339,38;3
0189397;E001;2220,06;4
0189397;A001;3977,89;3
0189397;C001;2671,43;3
0189397;D001;8170,49;4
0189397;F001;10754,91;3
0454578;D001;1706,86;3
0454578;C001;329,3;4
0454578;B001;2441,91;2
0454578;F001;2724,23;3
0454578;B002;1563,07;1
0454578;A002;7103,55;2
0454578;E001;2473,62;6
0454578;A001;3326,2;4
0739781;B001;3017,67;2
0739781;A001;2284,5;6
0739781;D001;3914,7;6
0739781;B002;324,46;6
0178471;B002;3128,27;3
0178471;C001;743,3;6
0178471;F001;4586,99;1
0678571;D001;4509,35;4
0678571;B002;995,77;5
0678571;A001;402,33;2
0752749;A002;4032,27;3
0752749;B002;8647,55;2
0752749;A001;3918,93;5
0752749;D001;1474,84;2
0752749;C001;10625;4
0752749;E001;3592,53;3
0344927;F001;685,31;3
0344927;B002;8745,34;6
0344927;B001;2203,16;2
0344927;A002;978,93;6
0344927;C001;2616,82;5
0344927;D001;802,66;6
0344927;A001;3810,6;6
0344927;E001;1649,7;2
0161417;A001;7792,34;6
0161417;F001;1750,56;4
0161417;A002;5196,88;6
0161417;C001;522,65;2
0161417;B001;1692,55;2
0161417;E001;3621,79;3
0161417;B002;1484,19;2
0944933;E001;4517,09;5
0944933;C001;3526,91;4
0944933;B002;2465,27;2
0944933;A001;1972,84;4
0944933;A002;3657,55;5
0553572;B001;2271,1;4
0553572;A002;1985,19;2
0553572;B002;1433,94;3
0553572;D001;430,22;3
0553572;E001;304,58;4
0958650;D001;7890,89;1
0958650;A002;209,27;1
0958650;E001;1260,58;6
0958650;B001;1343,25;5
0958650;C001;2376,35;1
0958650;B002;3125,36;2
0958650;F001;1651,25;4
0958650;A001;1493,04;6
0981872;B001;249,67;6
0981872;B002;5070,42;3
0981872;F001;3770,56;1
0981872;A001;3682,34;2
0896446;E001;1820,67;3
0896446;D001;435,37;5
0896446;C001;2188,21;4
0896446;B002;5515,93;3
0896446;A001;422,3;4
0896446;A002;992,73;5
0896446;F001;1210,42;1
0896446;B001;9134,06;3
0219049;F001;1270,62;5
0219049;C001;3212,7;2
0219049;B002;10919,98;1
0219049;A001;1779,54;5
0219049;A002;3386,31;1
0219049;D001;2340,04;5
0219049;B001;11709,74;4
0219049;E001;1125,51;4
0455914;B002;4880,34;5
0455914;D001;2164,45;5
0455914;A001;1859,14;3
0438680;A001;600,41;5
0438680;E001;1420,45;3
0438680;F001;1132,51;3
0438680;A002;1587,56;3
0310949;A001;3042,44;5
0310949;F001;2901,47;6
0310949;B002;1260,12;5
0310949;C001;4003,93;6
0310949;D001;2305,88;6
0310949;E001;2257,86;4
0310949;A002;3236,72;3
0313860;C001;5146,93;2
0313860;A002;1909,52;6
0313860;F001;4321,75;1
0313860;A001;2229,91;4
0887714;B002;3140,17;1
0887714;A001;729,3;5
0887714;F001;679,21;1
0887714;A002;4659,11;1
0887714;D001;2396,97;3
0887714;B001;1432,56;6
0887714;E001;7047,29;2
0887714;C001;4571,75;4
0336465;B002;3346,12;2
0336465;E001;3961,18;6
0336465;A002;3384,53;5
0336465;C001;2469,67;1
0651995;D001;2810,79;1
0651995;A001;2441,61;5
0651995;C001;8165,6;3
0651995;E001;2272,22;2
0651995;F001;2060,16;1
0603999;A002;3017,92;2
0603999;C001;1916,27;4
0603999;B001;3426,62;2
0603999;E001;3120,63;2
0603999;F001;6118,48;3
0514742;C001;343,39;4
0514742;F001;6401,33;2
0514742;A001;2739,86;1
0514742;B002;1743,13;1
0696834;F001;3762,6;3
0696834;B001;6606,03;4
0696834;E001;1023,05;1
0696834;A002;3140,92;5
0696834;D001;11870,95;1
0420122;C001;4145,89;2
0420122;B001;1038,5;2
0420122;B002;8819,22;4
0420122;E001;1428,15;6
0420122;F001;6192,22;4
0420122;D001;1748,25;3
0420122;A002;1739,31;3
0848828;A002;1387,88;6
0848828;A001;7090,82;6
0848828;F001;5381,09;2
0848828;B002;3411,64;5
0848828;E001;6751,18;4
0472547;C001;3862,23;2
0472547;E001;1253,16;2
0472547;A001;1057,31;1
0377098;F001;3780,77;4
0377098;D001;2970,95;1
0377098;E001;3215,75;6
0377098;B002;1126,3;2
0377098;A001;1705,74;5
0377098;B001;345,74;3
0377098;A002;4066,34;1
0377098;C001;918,42;2
0324860;E001;2577,97;4
0324860;B002;1234,28;4
0324860;D001;8582,85;3
0901944;F001;4213,26;5
0901944;A002;565,37;2
0901944;A001;4830,57;5
0947281;C001;2420,63;5
0947281;A002;1993,73;1
0947281;B001;2148,79;5
0947281;A001;1596,66;5
0947281;B002;847,46;6
0453243;C001;3924,53;3
0453243;B002;1524,21;1
0453243;A001;2711,9;1
0453243;B001;1257,19;2
0483817;B001;951,34;2
0483817;A002;894,33;3
0483817;B002;774,58;4
0483817;D001;4773,03;1
0483817;C001;7283,81;5
0483817;E001;3624,95;4
0483817;A001;570,52;4
0483817;F001;1679,13;2
0446984;B001;5376,61;3
0446984;B002;2786,22;6
0446984;C001;2190,57;3
0446984;A001;4399,19;3
0503555;B002;1380,03;4
0503555;B001;3046,74;2
0503555;F001;4883,32;4
0503555;A002;1175,27;1
0503555;C001;8850,13;5
0503555;D001;1805,83;5
0503555;A001;2524,48;6
0503555;E001;7614,23;5
0577033;A001;6468,08;2
0577033;F001;3724,92;1
0577033;B002;2173,31;3
0577033;B001;736,89;1
0929115;F001;9356,48;1
0929115;B002;2764,26;1
0929115;C001;1440,46;2
0929115;A002;5051,04;2
0929115;B001;342,79;6
0929115;D001;730,19;2
0929115;E001;567,2;5
0929115;A001;2510,26;5
0548125;F001;1531,01;1
0548125;A002;1677,9;2
0548125;E001;4311,49;2
0548125;C001;2232,19;3
0548125;B002;2982,28;4
0481821;A002;894,49;6
0481821;B002;1774,32;1
0481821;A001;1584,23;4
0481821;B001;2178,62;1
0664268;F001;3365,18;6
0664268;B001;3593,06;2
0664268;A002;971,53;2
0664268;C001;1647,76;3
0873267;C001;4446,38;2
0873267;A001;719,7;4
0873267;B001;2709,95;4
0873267;A002;672,7;1
0104119;A001;2127,52;5
0104119;F001;3932,4;4
0104119;C001;1244,55;4
0104119;A002;3542,84;6
0462194;B002;1525,94;5
0462194;A001;5118,27;1
0462194;F001;1892,28;3
0462194;C001;176,59;4
0312737;A001;766,06;4
0312737;D001;1435,27;3
0312737;E001;1956,55;2
0312737;C001;4117,64;5
0333061;C001;1271,93;3
0333061;D001;1569,87;2
0333061;B001;1084,65;1
0333061;B002;4753,67;1
0333061;A002;1461,1;4
0333061;A001;1139,74;1
0333061;E001;712,41;5
0575306;D001;3010,49;1
0575306;C001;2007,44;4
0575306;E001;9401,97;6
0575306;B001;947,63;6
0575306;A001;1441,56;1
0512567;A001;2021;3
0512567;A002;3379,15;1
0512567;F001;4978,56;6
0512567;B002;3571,37;1
0152914;E001;824,07;5
0152914;A002;1305,43;2
0152914;D001;1079,27;5
0152914;A001;2697,79;4
0152914;B002;1185,31;1
0152914;B001;1846,53;4
0644515;E001;9518,36;5
0644515;B002;1533,53;2
0644515;F001;1833,8;4
0644515;A001;3703,6;5
0644515;B001;294,01;1
0337515;B002;2385,83;6
0337515;A001;2575,19;5
0337515;E001;2276,22;6
0337515;C001;1529,36;3
0337515;B001;1788,07;4
0337515;D001;2278,5;1
0148358;F001;3814,43;5
0148358;B001;3279,84;1
0148358;A001;2557,82;4
0148358;B002;5514,35;2
0148358;C001;734,69;3
0748409;A001;4870,76;6
0748409;A002;1603,53;6
0748409;D001;1735,02;1
0748409;F001;1000;4
0748409;B001;941,6;2
0748409;E001;2007,33;5
0748409;B002;6910,49;1
0936834;E001;2654,04;1
0936834;C001;7334,21;1
0936834;A001;6397,12;1
0936834;B002;728,3;1
0936834;F001;8399,84;4
0936834;B001;2299,62;3
0936834;D001;1465,28;4
0936834;A002;3170,95;5
0737602;A001;572,24;3
0737602;B002;4916,46;2
0737602;A002;1841,84;2
0737602;F001;736,09;4
0737602;D001;1354,48;3
0466246;C001;1664,35;1
0466246;D001;1648,08;5
0466246;F001;717,96;5
0163375;B002;836,1;6
0163375;C001;334,37;6
0163375;E001;3495,6;2
0163375;B001;420,22;6
0163375;A001;2199,9;4
0581445;A001;975,6;2
0581445;B001;6160,35;1
0581445;C001;3143,77;3
0581445;D001;684,4;4
0962196;A001;524,51;5
0962196;B001;1422,16;6
0962196;A002;3273,22;1
0962196;E001;3220,27;3
0962196;B002;2704,78;3
0962196;C001;4346,4;3
0962196;D001;849,87;2
0962196;F001;900,2;3
0432731;F001;1660,11;6
0432731;E001;1202,15;2
0432731;B001;3613,17;4
0432731;A001;2193,64;4
0612996;B001;1573,47;6
0612996;F001;963,54;6
0612996;D001;1546,76;2
0612996;C001;3759,1;4
0612996;A002;3592,62;1
0612996;E001;4528,68;4
0476225;B002;460,76;4
0476225;C001;2313,56;2
0476225;A002;2216,86;2
0476225;E001;2080,55;3
0476225;A001;730,49;2
0742641;B002;3228,58;6
0742641;C001;598,93;3
0742641;D001;2383,74;6
0742641;F001;2276,54;6
0742641;A002;1254,07;2
0742641;B001;739,19;6
0742641;E001;1073,48;1
0742641;A001;1137,03;6
0814023;D001;1649,02;3
0814023;B001;4258,84;3
0814023;A001;2784,86;4
0814023;C001;858,6;6
0814023;B002;2021,27;4
0722227;B002;1061,43;6
0722227;A002;3076,23;6
0722227;B001;1165,32;5
0722227;E001;4410,99;2
0722227;F001;1893,32;2
0722227;D001;3803,51;2
0781573;F001;487,69;1
0781573;C001;1508,92;5
0781573;E001;2530,04;3
0432586;C001;1372,59;4
0432586;A002;1113,16;2
0432586;E001;711,28;4
0432586;D001;899,01;2
0432586;A001;1091,97;1
0476450;B002;6129,93;2
0476450;A002;3386,36;1
0476450;D001;13627,09;3
0476450;F001;3185,02;3
0476450;E001;2303,23;4
0476450;C001;1869,54;1
0476450;B001;477,89;2
0476450;A001;6055,29;3
0768030;D001;4122,95;3
0768030;A002;1093,09;6
0768030;B001;3242,45;6
0768030;E001;564,38;6
0768030;B002;1078,66;4
0768030;F001;1788,6;3
0768030;C001;1042,19;1
0768030;A001;517,76;1
0730822;A002;1760,76;5
0730822;F001;2024,59;2
0730822;E001;4927,22;3
0887034;D001;1440,98;6
0887034;C001;4735,63;6
0887034;A001;868,21;1
0887034;E001;4227,5;5
0887034;B001;3041,36;1
0887034;B002;1741,86;2
0955459;F001;943,25;2
0955459;B001;7300,51;3
0955459;B002;3328,73;2
0955459;D001;1996,71;4
0173231;B002;3491,64;3
0173231;F001;4708,55;5
0173231;A001;544,11;5
0173231;E001;10002,65;1
0173231;D001;4479,54;6
0173231;B001;2700,15;4
0206102;F001;1135,97;3
0206102;D001;7344,55;3
0206102;A001;2547,67;3
0528046;A001;2111,52;3
0528046;E001;5183,6;5
0528046;A002;2645,73;2
0838976;A002;4855,23;2
0838976;A001;1149,86;5
0838976;B001;679,19;1
0900511;C001;2752,29;2
0900511;A002;3179,46;2
0900511;D001;5088,74;5
0900511;E001;2802,72;2
0900511;A001;3456,01;3
0900511;F001;1502,5;3
0993764;E001;3299,23;3
0993764;F001;1194,92;5
0993764;A002;2079,93;6
0993764;D001;3647,35;2
0993764;B002;387,98;4
0993764;C001;2808,03;5
0993764;A001;5242,11;6
0423381;B001;2278,2;6
0423381;C001;152,59;3
0423381;F001;2597,62;2
0423381;A002;2570;2
0423381;A001;1787,09;6
0761348;D001;1760,97;2
0761348;F001;1445,65;2
0761348;B002;1498,31;2
0761348;A001;4497,12;5
0761348;C001;1415,92;5
0121038;B001;825,71;2
0121038;C001;3664,33;2
0121038;B002;3708,42;4
0121038;A001;376,83;4
0121038;F001;1480,42;4
0121038;A002;3089,71;1
0121038;D001;2320,62;2
0873748;B001;5113,94;6
0873748;D001;251,54;5
0873748;F001;232,6;5
0567604;A002;4305,81;2
0567604;B002;1997,99;5
0567604;D001;1289,22;3
0567604;B001;1289,13;5
0206534;B002;1027,21;2
0206534;A001;3605,36;3
0206534;A002;3292,51;2
0206534;E001;982,77;6
0206534;B001;2302,76;3
0206534;F001;550,66;3
0206534;C001;2467,75;3
0206534;D001;13032,28;1
0793840;F001;1720,62;2
0793840;A001;1958,56;4
0793840;B002;4690,28;3
0793840;C001;9894,72;4
0677507;B001;1480,54;1
0677507;B002;678,54;1
0677507;D001;1083,61;4
0677507;F001;1777,41;3
0677507;A001;2904,38;3
0662343;A002;815,32;1
0662343;C001;5408,29;3
0662343;E001;230,16;5
0662343;B002;5747,03;2
0662343;F001;1064,08;5
0662343;B001;2232,19;3
0403501;B001;5192,8;5
0403501;C001;3516,08;1
0403501;A002;1226,72;4
0403501;B002;3155,26;6
0403501;A001;1786,85;3
0403501;F001;1710,75;2
0403501;D001;547,3;3
0403501;E001;5326,15;3
0447481;B002;2905,74;6
0447481;A002;2932,24;2
0447481;D001;4068,71;4
0447481;E001;3034,56;5
0447481;A001;1411,63;2
0447481;B001;3525,3;2
0624236;F001;9203,62;3
0624236;E001;2188,9;5
0624236;D001;3799,58;6
0624236;A002;2836,12;6
0624236;A001;8712,95;4
0624236;B001;1547,06;2
0624236;B002;3892,33;6
0827079;C001;539,15;6
0827079;A001;3107,05;2
0827079;B002;522,99;1
0827079;E001;2839,97;6
0827079;F001;1235,77;2
0827079;A002;1126,55;6
0827079;D001;498,81;4
0827079;B001;2305,04;4
0645156;A001;4786,68;4
0645156;C001;859,18;4
0645156;B001;6995,51;4
0645156;A002;1979,92;6
0645156;F001;1620,36;5
0645156;D001;2770,57;2
0617566;D001;3128,9;3
0617566;E001;11371,93;5
0617566;B001;1261,24;3
0617566;A002;6186,56;4
0617566;C001;1111,73;3
0617566;A001;5639,09;6
0965279;E001;2223,12;1
0965279;C001;3698,51;2
0965279;F001;609,66;4
0965279;B001;5034,96;5
0965279;A002;2462,71;1
0965279;D001;1656,54;6
0965279;A001;2608,61;3
0622742;C001;4266,32;3
0622742;A001;1160,72;4
0622742;A002;2595,84;6
0622742;D001;1597,33;6
0622742;F001;4014,39;4
0622742;E001;1043,08;3
0622742;B001;1921,61;3
0301748;A002;2275,93;5
0301748;F001;4283,08;4
0301748;A001;1611,93;5
0301748;C001;1103,92;3
0301748;E001;1621,1;5
0301748;B002;1827,05;6
0301748;D001;2213,41;4
0832337;F001;2074,16;4
0832337;B001;2285,29;3
0832337;D001;768,82;6
0832337;E001;1223,19;4
0832337;A001;1508,62;5
0832337;A002;1871,87;6
0432199;C001;696,7;3
0432199;A001;1033,35;5
0432199;B002;3096,34;5
0432199;B001;2556,79;2
0432199;A002;3408,94;4
0432199;E001;1570,94;6
0712798;C001;1756,41;4
0712798;B001;900,11;1
0712798;A002;788,95;3
0712798;F001;3529,83;6
0219524;F001;694,45;2
0219524;B001;1437,9;5
0219524;A002;3242,87;4
0442340;C001;3638,41;4
0442340;B001;9103,3;6
0442340;D001;3573,49;1
0442340;E001;5801,1;2
0442340;A001;1682,79;5
0442340;A002;464,75;5
0442340;B002;3127,19;5
0483836;B002;395,23;5
0483836;E001;1768,93;2
0483836;B001;719,02;6
0760367;B001;3846,12;3
0760367;A002;8141,84;5
0760367;D001;795,56;1
0162821;B002;1309,03;4
0162821;E001;457,41;3
0162821;B001;1153,42;1
0162821;F001;1918,43;1
0162821;D001;1281,86;6
0162821;C001;2019,44;6
0162821;A001;3524,63;5
0162821;A002;1545,3;3
0503692;A001;526,23;6
0503692;D001;973,54;2
0503692;C001;1322,74;4
0503692;F001;1939,29;2
0503692;B002;12302,42;6
0503692;B001;1302,16;2
0864608;E001;1916,13;6
0864608;B002;14139,7;2
0864608;F001;5521,89;2
0864608;D001;1754,41;3
0864608;C001;1461,3;6
0183351;E001;4152,21;6
0183351;F001;1187,02;5
0183351;D001;6647,05;3
0183351;B001;4492,83;4
0924868;A002;1499,74;5
0924868;B002;4328,68;5
0924868;B001;2946,31;5
0924868;A001;7205,25;3
0924868;D001;3348,59;3
0503208;A002;1560,44;2
0503208;D001;5221,57;3
0503208;B002;2910,29;2
0503208;B001;5443,1;3
0503208;C001;2941,28;5
0477598;F001;2447,01;6
0477598;A001;5349,86;1
0477598;E001;1197,13;1
0477598;B001;1268,93;1
0841449;D001;920,52;6
0841449;A001;1272,83;6
0841449;B001;2519,51;5
0432118;A001;624,56;5
0432118;C001;5556,97;4
0432118;E001;3563,25;3
0432118;A002;1539,1;5
0707222;B002;975,32;4
0707222;A002;1243,54;3
0707222;A001;1621,27;1
0707222;E001;921,13;4
0707222;B001;1089,5;3
0707222;C001;6812,64;2
0120311;D001;5762,65;4
0120311;F001;3699,57;1
0120311;B001;2222,86;5
0120311;C001;2733,05;1
0120311;B002;2474,84;2
0120311;E001;1549,38;1
0120311;A002;863,82;2
0544673;A001;1377,74;4
0544673;E001;530,99;1
0544673;F001;432,96;2
0544673;D001;891,19;5
0544673;B001;7507,06;3
0544673;C001;3333,51;5
0544673;A002;2050,28;3
0544673;B002;1553,31;4
0886540;E001;1211,69;4
0886540;C001;2396,23;5
0886540;D001;686,92;5
0886540;F001;802,62;3
0886540;A001;1276,76;1
0886540;B002;5999,54;3
0638250;E001;4062,12;5
0638250;B001;2962,15;6
0638250;F001;2120,07;1
0638250;A001;715,93;1
0638250;C001;2216,42;6
0638250;A002;766,6;1
0184725;F001;3646,33;5
0184725;B002;536,94;1
0184725;D001;1934,18;2
0493351;C001;880,81;5
0493351;A002;2329,53;1
0493351;D001;7640,12;5
0493351;B001;442,89;6
0493351;A001;6465,31;1
0640288;A001;15841,87;2
0640288;E001;357,87;6
0640288;B002;2199,07;4
0640288;F001;3964,16;6
0640288;B001;784,34;3
0640288;D001;347,8;2
0640288;C001;10453,88;1
0640288;A002;2678,41;2
0166480;E001;964,51;6
0166480;D001;4459,5;5
0166480;B001;2218,07;5
0166480;F001;1549,73;3
0166480;A002;10929,92;1
0166480;A001;3867,23;2
0166480;C001;1402,39;3
0166480;B002;2146,63;5
0432898;E001;2077,24;5
0432898;F001;3496,06;1
0432898;C001;2182,9;1
0432898;B002;415,01;4
0432898;B001;463,23;3
0918035;B001;2955,57;4
0918035;A002;908,72;1
0918035;B002;2801,12;1
0918035;D001;19406,25;1
0918035;E001;1261,5;6
0219410;A002;13021,74;5
0219410;E001;2305,71;4
0219410;C001;1555,33;1
0219410;B001;1935,2;1
0819183;D001;5034,97;4
0819183;A001;5355,21;5
0819183;C001;6073;4
0819183;A002;2646,12;2
0819183;B001;5164,71;2
0819183;B002;1169,52;1
0249510;F001;472,34;4
0249510;A002;1255,26;6
0249510;B002;1774,59;2
0249510;B001;5314,2;2
0249510;E001;11628,42;2
0249510;D001;4878,58;3
0249510;A001;3084,54;2
0232427;B001;1667,21;2
0232427;B002;824,21;5
0232427;D001;3077,74;6
0232427;C001;1861,32;6
0806961;B001;1290,08;4
0806961;B002;1696,71;3
0806961;A002;2901,82;4
0806961;F001;2026,68;1
0806961;D001;1629,47;1
0806961;E001;6458,4;4
0180168;E001;6897,76;4
0180168;B001;1479,92;2
0180168;A001;1109,95;2
0180168;D001;1562,54;3
0180168;C001;1553,2;2
0836204;A001;3950,64;3
0836204;B002;3916,78;5
0836204;B001;2655,69;2
0836204;E001;2093,4;5
0255485;D001;4836,51;2
0255485;B002;1965;2
0255485;E001;1047,35;6
0255485;F001;1509,1;6
0666970;F001;5427,48;2
0666970;A001;874,27;6
0666970;B002;2697,7;1
0666970;A002;4869,32;6
0666970;B001;6357,44;1
0547928;A001;1117,61;1
0547928;F001;2401,63;2
0547928;D001;617,85;2
0547928;C001;2280,15;5
0547928;B002;736,05;6
0547928;B001;1893,46;3
0547928;A002;1026,01;4
0661044;B001;1563,06;6
0661044;D001;526,83;6
0661044;B002;438,06;1
0661044;A001;6888,85;2
0776998;C001;2143,11;1
0776998;B002;3194,09;3
0776998;A002;2407,46;6
0776998;E001;3588,77;5
0776998;B001;392,87;2
0776998;F001;740,48;1
0776998;A001;2081,22;6
0776998;D001;1066,72;4
0727594;B002;5939,85;6
0727594;C001;816,59;2
0727594;E001;905,27;6
0727594;A001;2180,35;4
0727594;A002;3177,48;4
0588067;F001;3044,98;5
0588067;B001;2066,75;5
0588067;C001;1563,03;4
0588067;D001;563,91;5
0588067;A001;1052,47;3
0588067;E001;2233,83;4
0588067;A002;495,03;1
0200181;A002;1856,13;2
0200181;B001;442,27;6
0200181;E001;712,04;3
0143376;C001;7904,02;1
0143376;E001;1894,46;6
0143376;B002;665,52;1
0143376;A001;2060,99;5
0143376;F001;2753,81;4
0143376;B001;1618,07;1
0143376;A002;2672,35;6
0143376;D001;2019,43;4
0621829;A001;5075,09;3
0621829;A002;2935,17;4
0621829;F001;8215,7;3
0611252;A001;3395,39;2
0611252;E001;4701,47;6
0611252;D001;2931,06;4
0611252;F001;1235,53;4
0611252;B001;1212,15;4
0732013;D001;8661,71;2
0732013;B002;3320,46;1
0732013;F001;223,56;5
0880496;C001;375,98;1
0880496;A001;1400,35;4
0880496;A002;654,11;5
0880496;F001;452,67;1
0833430;C001;2899,8;1
0833430;B002;3192,09;6
0833430;D001;2119,27;5
0950037;B002;3945,7;4
0950037;A001;3014,35;2
0950037;E001;3957,96;2
0950037;C001;4958,04;1
0950037;D001;2774,31;3
0950037;A002;10679,15;6
0979039;E001;1789;5
0979039;C001;1457,22;2
0979039;A002;800,32;6
0979039;A001;2158,95;3
0979039;B002;976,93;6
0979039;B001;2657,68;5
0979039;F001;2466,04;6
0467373;F001;1527,57;2
0467373;E001;548,54;3
0467373;A001;4304,18;6
0467373;B001;1220,4;4
0512675;B001;3349,77;2
0512675;C001;1504,58;1
0512675;F001;1291,41;2
0512675;A002;1105,87;2
0512675;B002;959,16;4
0237575;A002;3317,68;1
0237575;E001;2594,31;6
0237575;B002;591,53;2
0237575;B001;808,35;5
0293758;A002;1527,55;4
0293758;E001;3084,39;2
0293758;A001;4126,85;1
0293758;F001;6769,33;4
0293758;B001;8042,53;5
0293758;D001;1536,63;2
0293758;B002;10184,2;6
0293758;C001;468,08;4
0110709;C001;839,02;4
0110709;E001;579,36;2
0110709;B002;928,99;4
0110709;A001;757,56;2
0110709;B001;2677,44;5
0110709;D001;787,12;6
0510362;E001;3692,53;1
0510362;B001;7843,81;2
0510362;A002;412,69;5
0510362;C001;676,5;1
0510362;D001;2894,78;5
0757677;D001;863,01;6
0757677;A001;1456,87;3
0757677;C001;22525,01;2
0757677;B002;6510,74;1
0757677;A002;2553,1;1
0757677;B001;907,16;2
0757677;E001;7854,66;6
0321246;D001;428,95;2
0321246;A002;1184,01;4
0321246;F001;463,11;3
0705588;A001;1783,51;1
0705588;F001;525,67;2
0705588;B002;3935,14;5
0705588;B001;270,32;6
0705588;C001;6741,03;4
0705588;A002;500,55;2
0953955;D001;1327,42;3
0953955;B002;965,35;2
0953955;B001;2614,8;5
0953955;C001;7065,27;2
0953955;A002;1298,79;5
0953955;F001;772,4;2
0953955;A001;591,89;5
0932083;C001;1542,5;4
0932083;E001;4386,39;6
0932083;A002;2015,82;3
0932083;B001;3289,05;5
0932083;A001;6134,54;1
0967556;A001;1668,28;2
0967556;A002;487,57;1
0967556;D001;2974,96;6
0967556;E001;1770,1;2
0967556;B002;1946,21;1
0967556;F001;1786,33;1
0967556;B001;2385,6;6
0691494;B001;6178,32;1
0691494;C001;2471,03;3
0691494;A001;1128,92;6
0691494;E001;635,92;6
0691494;D001;4306,92;1
0691494;B002;794,49;2
0238064;A001;1120,81;6
0238064;E001;881,88;5
0238064;D001;1890,91;6
0238064;A002;1567,6;2
0674374;A001;2028,61;1
0674374;C001;4545,13;3
0674374;D001;2455,68;5
0674374;A002;5072,61;4
0674374;E001;2395,21;6
0674374;B002;1394,4;5
0674374;F001;11178,99;3
0674374;B001;2401,47;6
0955571;B002;2339,44;2
0955571;A001;1127,39;2
0955571;B001;569,05;5
0955571;F001;1708,28;4
0955571;C001;2947,16;3
0955571;E001;692,33;2
0487651;D001;1655,19;2
0487651;F001;2846,35;1
0487651;A002;761,88;6
0487651;A001;5250,02;3
0487651;E001;2437,05;4
0487651;C001;1625,76;5
0487651;B001;3415,46;6
0487651;B002;844,86;3
0955676;A001;842,05;5
0955676;D001;1314,2;4
0955676;B001;2353,08;1
0955676;E001;758,17;4
0955676;B002;1570,12;5
0955676;F001;1395,62;5
0955676;A002;4446,25;5
0955676;C001;1647,78;4
0958558;C001;11629,14;1
0958558;B001;1933,79;1
0958558;A001;1117,09;5
0905464;D001;824,94;6
0905464;A001;3780,23;1
0905464;C001;987,03;3
0905464;F001;2235,11;5
0905464;E001;1071;1
0616046;A001;973,01;3
0616046;A002;2599,87;2
0616046;E001;2828,75;1
0616046;B001;882,46;2
0839474;E001;1490,78;1
0839474;C001;1460,84;1
0839474;B002;3228,93;1
0839474;D001;1717,43;6
0839474;B001;628,26;6
0839474;F001;3613,96;3
0690411;A001;1803,08;1
0690411;B001;715,32;4
0690411;D001;3327,11;4
0690411;B002;740,67;2
0690411;F001;1419,8;3
0690411;C001;1194,02;1
0316155;A001;628,49;5
0316155;E001;16407,35;6
0316155;A002;996,07;2
0950440;E001;916,57;6
0950440;D001;1521,79;3
0950440;C001;3022,53;1
0454499;B002;11053,53;3
0454499;F001;1383,69;6
0454499;C001;10661,25;6
0454499;A002;590,5;1
0733584;A001;2230,15;5
0733584;A002;2598,49;3
0733584;B002;2635,96;2
0733584;F001;5058,36;4
0733584;D001;2100,16;1
0733584;E001;391,35;3
0947525;B001;1690,45;2
0947525;F001;3353,08;1
0947525;C001;5978,33;5
0947525;A002;3567,78;1
0947525;D001;5304,73;2
0927459;A002;540,01;4
0927459;E001;6507,9;6
0927459;C001;1850,37;1
0927459;B002;13150,55;5
0927459;F001;642,59;3
0927459;D001;2000,17;1
0691404;B001;1152,14;3
0691404;A002;885,76;4
0691404;D001;710,55;6
0691404;A001;796,81;6
0691404;E001;2685;6
0691404;B002;1757,61;5
0691404;C001;2460,45;6
0691404;F001;1872,25;4
0160328;D001;2376,84;4
0160328;B002;3486,33;4
0160328;E001;453,41;4
0160328;C001;397,61;3
0160328;B001;1267,61;1
0160328;A002;6784,6;1
0989857;D001;312,71;2
0989857;E001;7492,99;4
0989857;A002;324,82;4
0989857;F001;3432,49;6
0989857;C001;2742,15;1
0989857;B002;5767,02;1
0989857;B001;6577,12;2
0560106;B002;1032,96;2
0560106;D001;1308,57;3
0560106;A002;1364,91;1
0560106;C001;1390,37;1
0560106;F001;1840,28;3
0714798;A002;5281,93;1
0714798;B001;631,3;4
0714798;F001;2027,32;1
0714798;C001;7479,36;5
0714798;D001;3318,32;1
0714798;E001;2064,19;1
0981075;B001;1564,68;4
0981075;F001;5151,58;5
0981075;A001;3127,74;4
0981075;A002;3457,17;5
0215190;E001;1197,28;5
0215190;F001;2901,13;5
0215190;D001;3591,19;2
0215190;A002;2219,63;5
0215190;B002;2833,12;4
0139001;E001;3262,6;1
0139001;B002;973,67;4
0139001;D001;1500,45;3
0139001;F001;541,44;1
0570497;A001;2086,14;2
0570497;B002;827,46;1
0570497;D001;1743,14;1
0570497;C001;2352,4;2
0570497;B001;4445,56;1
0570497;E001;1137,01;5
0570497;F001;1193,29;5
0570497;A002;656,61;6
0269315;C001;2042,45;1
0269315;D001;2384,28;4
0269315;B001;3755,94;5
0269315;A001;635,13;4
0269315;E001;1857,44;5
0269315;B002;3767,01;1
0269315;F001;5727,55;3
0269315;A002;2214,27;6
0569859;B002;2372,78;1
0569859;B001;9035,24;3
0569859;A002;1390,87;4
0569859;C001;3428,97;4
0569859;A001;562,44;5
0569859;F001;11294,94;4
0569859;E001;25759,87;1
0569859;D001;821,69;1
0319599;A001;4557,92;3
0319599;D001;4843,37;5
0319599;B001;1043;6
0319599;C001;783,01;2
0319599;F001;1607,73;1
0319599;A002;240,38;2
0285799;A001;427,14;1
0285799;C001;2564,04;4
0285799;A002;3960,17;2
0285799;D001;770,71;5
0285799;B002;776,89;4
0285799;E001;495,82;6
0307932;F001;1452,25;4
0307932;A001;1242,76;4
0307932;C001;2997,61;6
0307932;A002;1355,69;6
0747504;D001;823,38;5
0747504;F001;4475,05;5
0747504;A002;804,09;3
0747504;E001;802,59;6
0747504;A001;661,26;6
0107850;C001;11004,94;6
0107850;A002;2014,1;3
0107850;E001;1671,19;6
0107850;F001;1833,31;6
0107850;D001;704,13;2
0107850;A001;3586,61;3
0107850;B002;3080,85;1
0107850;B001;4625,97;2
0205642;D001;2165,64;2
0205642;F001;467,39;2
0205642;B001;3077,76;6
0205642;A001;2235,2;6
0205642;C001;1766,37;6
0205642;E001;762,26;3
0205642;B002;336,51;4
0827147;D001;530,67;2
0827147;E001;8556,36;1
0827147;F001;4536,12;6
0827147;B001;1865,79;6
0721197;A001;1770,77;2
0721197;E001;2754;1
0721197;B001;1011,19;4
0721197;A002;706,82;5
0721197;F001;2123,48;6
0721197;B002;1297,13;4
0721197;D001;3141,81;6
0968572;E001;6954,31;6
0968572;A002;1471,79;2
0968572;D001;711,45;4
0968572;F001;403,74;6
0118281;C001;3196,2;5
0118281;B002;3403,8;1
0118281;A002;1604,25;1
0118281;A001;1913,21;2
0118281;D001;1747,07;1
0118281;B001;3590,12;4
0217038;F001;5129,46;3
0217038;A001;5069,95;2
0217038;C001;6542,99;3
0217038;B002;1042,67;3
0169184;F001;866,82;2
0169184;B002;1760,19;3
0169184;D001;1671,12;3
0169184;C001;4894,55;2
0169184;A002;606,11;1
0447278;E001;726,08;6
0447278;B002;872,75;6
0447278;B001;1133,71;4
0140043;E001;1965,67;6
0140043;A002;6992,49;3
0140043;C001;225,3;2
0140043;B001;1383,93;5
0140043;D001;11183,11;3
0140043;B002;1376,09;3
0140043;A001;4131,84;3
0140043;F001;8823,38;4
0967260;B001;1619,74;2
0967260;B002;2158,79;1
0967260;D001;11295,18;5
0967260;A002;5915,1;3
0812709;A002;2885,89;3
0812709;D001;2900,66;5
0812709;B001;2313,15;1
0812709;C001;2320,49;6
0812709;F001;1179,12;1
